model,candidate_id,fold,train_engines,validation_engines,validation_rows,mae,rmse,alpha,selected,n_estimators,learning_rate,max_depth,min_samples_leaf
ridge,1,1,80,20,4070,25.155177396903035,31.655977879574507,0.1,False,,,,
ridge,1,2,80,20,4291,32.45250449061146,42.162840627415626,0.1,False,,,,
ridge,1,3,80,20,3909,34.1935475485715,42.52555243342522,0.1,False,,,,
ridge,1,4,80,20,4070,31.961197208184345,43.890430758004804,0.1,False,,,,
ridge,1,5,80,20,4291,32.89380823072336,42.98047676265837,0.1,False,,,,
ridge,2,1,80,20,4070,25.15526448505305,31.656180425526195,1.0,False,,,,
ridge,2,2,80,20,4291,32.45256093283563,42.16311943462495,1.0,False,,,,
ridge,2,3,80,20,3909,34.193250413343556,42.52534873419239,1.0,False,,,,
ridge,2,4,80,20,4070,31.961098240481228,43.890096682721804,1.0,False,,,,
ridge,2,5,80,20,4291,32.893583384630425,42.980361947141866,1.0,False,,,,
ridge,3,1,80,20,4070,25.156150452969943,31.65821155344324,10.0,False,,,,
ridge,3,2,80,20,4291,32.45312404370905,42.16590807898184,10.0,False,,,,
ridge,3,3,80,20,3909,34.19028229758631,42.523319161676284,10.0,False,,,,
ridge,3,4,80,20,4070,31.960125091881523,43.88677033265387,10.0,False,,,,
ridge,3,5,80,20,4291,32.89133765325634,42.97922158851743,10.0,False,,,,
ridge,4,1,80,20,4070,25.165712331075817,31.679037688639553,100.0,True,,,,
ridge,4,2,80,20,4291,32.4587171409831,42.193844255274186,100.0,True,,,,
ridge,4,3,80,20,3909,34.16128922554819,42.50374771628592,100.0,True,,,,
ridge,4,4,80,20,4070,31.950955065121683,43.85485308794723,100.0,True,,,,
ridge,4,5,80,20,4291,32.86955264874723,42.96857877051967,100.0,True,,,,
gradient_boosting,1,1,80,20,4070,24.81965751280067,30.87588119157193,,False,100.0,0.03,2.0,5.0
gradient_boosting,1,2,80,20,4291,30.019942585699887,40.050583699833034,,False,100.0,0.03,2.0,5.0
gradient_boosting,1,3,80,20,3909,29.115838476411064,38.084404710718104,,False,100.0,0.03,2.0,5.0
gradient_boosting,1,4,80,20,4070,26.94894545313584,40.2446779390009,,False,100.0,0.03,2.0,5.0
gradient_boosting,1,5,80,20,4291,28.878737789786516,40.51363622834672,,False,100.0,0.03,2.0,5.0
gradient_boosting,2,1,80,20,4070,24.81965751280067,30.87588119157193,,False,100.0,0.03,2.0,10.0
gradient_boosting,2,2,80,20,4291,30.019942585699887,40.050583699833034,,False,100.0,0.03,2.0,10.0
gradient_boosting,2,3,80,20,3909,29.115838476411064,38.084404710718104,,False,100.0,0.03,2.0,10.0
gradient_boosting,2,4,80,20,4070,26.94894545313584,40.2446779390009,,False,100.0,0.03,2.0,10.0
gradient_boosting,2,5,80,20,4291,28.878737789786516,40.51363622834672,,False,100.0,0.03,2.0,10.0
gradient_boosting,3,1,80,20,4070,23.7337370704417,30.14638401413974,,False,100.0,0.03,3.0,5.0
gradient_boosting,3,2,80,20,4291,29.01107644053873,39.49207705119818,,False,100.0,0.03,3.0,5.0
gradient_boosting,3,3,80,20,3909,28.036430340488764,37.469707495911244,,False,100.0,0.03,3.0,5.0
gradient_boosting,3,4,80,20,4070,25.76632621682684,39.3186405239894,,False,100.0,0.03,3.0,5.0
gradient_boosting,3,5,80,20,4291,28.159042033294376,39.73955217364038,,False,100.0,0.03,3.0,5.0
gradient_boosting,4,1,80,20,4070,23.733726811657988,30.146378276605407,,False,100.0,0.03,3.0,10.0
gradient_boosting,4,2,80,20,4291,29.01107644053873,39.49207705119818,,False,100.0,0.03,3.0,10.0
gradient_boosting,4,3,80,20,3909,28.03555520940361,37.4693293308574,,False,100.0,0.03,3.0,10.0
gradient_boosting,4,4,80,20,4070,25.76505175052828,39.31746862809651,,False,100.0,0.03,3.0,10.0
gradient_boosting,4,5,80,20,4291,28.160207388623277,39.73909940635212,,False,100.0,0.03,3.0,10.0
gradient_boosting,5,1,80,20,4070,23.068770150554055,29.700742570032713,,False,100.0,0.05,2.0,5.0
gradient_boosting,5,2,80,20,4291,29.347462598481965,39.62836719848087,,False,100.0,0.05,2.0,5.0
gradient_boosting,5,3,80,20,3909,28.597045472678634,37.85912051777963,,False,100.0,0.05,2.0,5.0
gradient_boosting,5,4,80,20,4070,25.87045985597394,39.52323536212014,,False,100.0,0.05,2.0,5.0
gradient_boosting,5,5,80,20,4291,28.12502851257687,39.422035551727646,,False,100.0,0.05,2.0,5.0
gradient_boosting,6,1,80,20,4070,23.068770150554055,29.700742570032713,,False,100.0,0.05,2.0,10.0
gradient_boosting,6,2,80,20,4291,29.347462598481965,39.62836719848087,,False,100.0,0.05,2.0,10.0
gradient_boosting,6,3,80,20,3909,28.597045472678634,37.85912051777963,,False,100.0,0.05,2.0,10.0
gradient_boosting,6,4,80,20,4070,25.87045985597394,39.52323536212014,,False,100.0,0.05,2.0,10.0
gradient_boosting,6,5,80,20,4291,28.12502851257687,39.422035551727646,,False,100.0,0.05,2.0,10.0
gradient_boosting,7,1,80,20,4070,22.684465659043365,29.5636973376644,,True,100.0,0.05,3.0,5.0
gradient_boosting,7,2,80,20,4291,29.101425017601862,39.67593063831724,,True,100.0,0.05,3.0,5.0
gradient_boosting,7,3,80,20,3909,27.87247785321265,37.631129314905074,,True,100.0,0.05,3.0,5.0
gradient_boosting,7,4,80,20,4070,25.3207388590167,39.003553669459485,,True,100.0,0.05,3.0,5.0
gradient_boosting,7,5,80,20,4291,27.86518667016388,39.128837676802156,,True,100.0,0.05,3.0,5.0
gradient_boosting,8,1,80,20,4070,22.705645527241153,29.588555296072407,,False,100.0,0.05,3.0,10.0
gradient_boosting,8,2,80,20,4291,29.13734185697411,39.70307928212132,,False,100.0,0.05,3.0,10.0
gradient_boosting,8,3,80,20,3909,27.883260260034607,37.635992816229,,False,100.0,0.05,3.0,10.0
gradient_boosting,8,4,80,20,4070,25.321091476152013,39.01292957548451,,False,100.0,0.05,3.0,10.0
gradient_boosting,8,5,80,20,4291,27.866282398112244,39.13419377501763,,False,100.0,0.05,3.0,10.0
gradient_boosting,9,1,80,20,4070,22.727761349177108,29.42986006732768,,False,200.0,0.03,2.0,5.0
gradient_boosting,9,2,80,20,4291,29.358582567027184,39.635206308560804,,False,200.0,0.03,2.0,5.0
gradient_boosting,9,3,80,20,3909,28.499252218138427,37.83681973403987,,False,200.0,0.03,2.0,5.0
gradient_boosting,9,4,80,20,4070,25.76026020461446,39.42053355768937,,False,200.0,0.03,2.0,5.0
gradient_boosting,9,5,80,20,4291,28.103268387209813,39.28290996215777,,False,200.0,0.03,2.0,5.0
gradient_boosting,10,1,80,20,4070,22.727761349177108,29.42986006732768,,False,200.0,0.03,2.0,10.0
gradient_boosting,10,2,80,20,4291,29.358582567027184,39.635206308560804,,False,200.0,0.03,2.0,10.0
gradient_boosting,10,3,80,20,3909,28.499252218138427,37.83681973403987,,False,200.0,0.03,2.0,10.0
gradient_boosting,10,4,80,20,4070,25.76026020461446,39.42053355768937,,False,200.0,0.03,2.0,10.0
gradient_boosting,10,5,80,20,4291,28.103268387209813,39.28290996215777,,False,200.0,0.03,2.0,10.0
gradient_boosting,11,1,80,20,4070,22.601160065926468,29.543041777511206,,False,200.0,0.03,3.0,5.0
gradient_boosting,11,2,80,20,4291,29.177921554868764,39.77730234607594,,False,200.0,0.03,3.0,5.0
gradient_boosting,11,3,80,20,3909,27.85274773596142,37.738252074881984,,False,200.0,0.03,3.0,5.0
gradient_boosting,11,4,80,20,4070,25.271526593060045,38.95321342540271,,False,200.0,0.03,3.0,5.0
gradient_boosting,11,5,80,20,4291,27.762579579356053,39.019400493769176,,False,200.0,0.03,3.0,5.0
gradient_boosting,12,1,80,20,4070,22.619732272540983,29.55017164867821,,False,200.0,0.03,3.0,10.0
gradient_boosting,12,2,80,20,4291,29.183558580406128,39.78469233303544,,False,200.0,0.03,3.0,10.0
gradient_boosting,12,3,80,20,3909,27.875071853783595,37.77835901403754,,False,200.0,0.03,3.0,10.0
gradient_boosting,12,4,80,20,4070,25.27281386928174,38.95840126460606,,False,200.0,0.03,3.0,10.0
gradient_boosting,12,5,80,20,4291,27.759402189798134,39.01029877919822,,False,200.0,0.03,3.0,10.0
gradient_boosting,13,1,80,20,4070,22.501044889219617,29.362044998313156,,False,200.0,0.05,2.0,5.0
gradient_boosting,13,2,80,20,4291,29.346923348276757,39.788127517591185,,False,200.0,0.05,2.0,5.0
gradient_boosting,13,3,80,20,3909,28.231533898204898,37.815810186577856,,False,200.0,0.05,2.0,5.0
gradient_boosting,13,4,80,20,4070,25.495562796948835,39.2533370443233,,False,200.0,0.05,2.0,5.0
gradient_boosting,13,5,80,20,4291,27.914755026489072,38.999659468317915,,False,200.0,0.05,2.0,5.0
gradient_boosting,14,1,80,20,4070,22.504342378683173,29.366836976424914,,False,200.0,0.05,2.0,10.0
gradient_boosting,14,2,80,20,4291,29.356328969542833,39.794830809592156,,False,200.0,0.05,2.0,10.0
gradient_boosting,14,3,80,20,3909,28.231533898204898,37.815810186577856,,False,200.0,0.05,2.0,10.0
gradient_boosting,14,4,80,20,4070,25.511842311997224,39.25744917330105,,False,200.0,0.05,2.0,10.0
gradient_boosting,14,5,80,20,4291,27.91398324319108,38.98195480317702,,False,200.0,0.05,2.0,10.0
gradient_boosting,15,1,80,20,4070,22.719392279919138,29.75973831146861,,False,200.0,0.05,3.0,5.0
gradient_boosting,15,2,80,20,4291,29.176665774506482,39.98114834838541,,False,200.0,0.05,3.0,5.0
gradient_boosting,15,3,80,20,3909,27.877757582830785,37.99501113563332,,False,200.0,0.05,3.0,5.0
gradient_boosting,15,4,80,20,4070,25.26330894866229,38.965556753794345,,False,200.0,0.05,3.0,5.0
gradient_boosting,15,5,80,20,4291,27.7489305606898,38.919039391724546,,False,200.0,0.05,3.0,5.0
gradient_boosting,16,1,80,20,4070,22.713182027870545,29.741053062435828,,False,200.0,0.05,3.0,10.0
gradient_boosting,16,2,80,20,4291,29.192621333798005,39.98245164488628,,False,200.0,0.05,3.0,10.0
gradient_boosting,16,3,80,20,3909,27.89493904924727,38.02414043459137,,False,200.0,0.05,3.0,10.0
gradient_boosting,16,4,80,20,4070,25.317054573378968,38.99603783381643,,False,200.0,0.05,3.0,10.0
gradient_boosting,16,5,80,20,4291,27.780221435988004,38.945222579984964,,False,200.0,0.05,3.0,10.0
