spearman_rho,kendall_tau,exact_rank_agreement,top_rank_agreement,reference_top,comparison_top,repetition,noise_seed
0.9746794344808963,0.9486832980505138,0,1,A1,A1,1,100042
0.9746794344808963,0.9486832980505138,0,1,A1,A1,2,100043
0.8999999999999998,0.8,0,1,A1,A1,3,100044
0.7,0.6,0,0,A1,A5,4,100045
0.8999999999999998,0.8,0,1,A1,A1,5,100046
0.8720815992723809,0.7378647873726218,0,0,A1,A4,6,100047
0.8999999999999998,0.8,0,1,A1,A1,7,100048
0.8999999999999998,0.8,0,1,A1,A1,8,100049
0.9746794344808963,0.9486832980505138,0,1,A1,A1,9,100050
0.8999999999999998,0.8,0,1,A1,A1,10,100051
0.8720815992723809,0.7378647873726218,0,1,A1,A1,11,100052
0.9746794344808963,0.9486832980505138,0,1,A1,A1,12,100053
0.8207826816681234,0.7378647873726218,0,1,A1,A1,13,100054
0.8944271909999159,0.8366600265340756,0,1,A1,A1,14,100055
0.8720815992723809,0.7378647873726218,0,1,A1,A1,15,100056
0.3,0.2,0,0,A1,A2,16,100057
0.9746794344808963,0.9486832980505138,0,1,A1,A1,17,100058
0.39999999999999997,0.4,0,0,A1,A2,18,100059
0.9999999999999999,1.0,1,1,A1,A1,19,100060
0.6,0.4,0,0,A1,A4,20,100061
0.8207826816681234,0.7378647873726218,0,1,A1,A1,21,100062
0.3,0.2,0,0,A1,A2,22,100063
0.5642880936468347,0.31622776601683794,0,0,A1,A5,23,100064
0.7,0.6,0,1,A1,A1,24,100065
0.8944271909999159,0.8366600265340756,0,1,A1,A1,25,100066
0.8944271909999159,0.8366600265340756,0,1,A1,A1,26,100067
0.9746794344808963,0.9486832980505138,0,1,A1,A1,27,100068
0.8999999999999998,0.8,0,1,A1,A1,28,100069
0.49999999999999994,0.4,0,0,A1,A5,29,100070
0.7999999999999999,0.6,0,0,A1,A4,30,100071
0.9746794344808963,0.9486832980505138,0,1,A1,A1,31,100072
0.8944271909999159,0.8366600265340756,0,1,A1,A1,32,100073
0.9746794344808963,0.9486832980505138,0,1,A1,A1,33,100074
0.8999999999999998,0.8,0,1,A1,A1,34,100075
0.7,0.6,0,1,A1,A1,35,100076
0.8999999999999998,0.8,0,1,A1,A1,36,100077
0.9746794344808963,0.9486832980505138,0,1,A1,A1,37,100078
0.19999999999999998,0.2,0,0,A1,A2,38,100079
0.6668859288553503,0.5270462766947299,0,0,A1,A5,39,100080
0.3,0.2,0,1,A1,A1,40,100081
-0.09999999999999999,0.0,0,0,A1,A3,41,100082
0.9746794344808963,0.9486832980505138,0,1,A1,A1,42,100083
0.8944271909999159,0.8366600265340756,0,1,A1,A1,43,100084
0.8944271909999159,0.8366600265340756,0,1,A1,A1,44,100085
0.8999999999999998,0.8,0,1,A1,A1,45,100086
0.7999999999999999,0.6,0,0,A1,A4,46,100087
0.9746794344808963,0.9486832980505138,0,1,A1,A1,47,100088
0.49999999999999994,0.4,0,1,A1,A1,48,100089
0.8720815992723809,0.7378647873726218,0,1,A1,A1,49,100090
0.9746794344808963,0.9486832980505138,0,1,A1,A1,50,100091
0.6155870112510925,0.5270462766947299,0,1,A1,A1,51,100092
0.8207826816681234,0.7378647873726218,0,1,A1,A1,52,100093
0.49999999999999994,0.4,0,1,A1,A1,53,100094
0.8720815992723809,0.7378647873726218,0,1,A1,A1,54,100095
0.7,0.6,0,1,A1,A1,55,100096
0.8999999999999998,0.8,0,1,A1,A1,56,100097
0.8720815992723809,0.7378647873726218,0,1,A1,A1,57,100098
0.8999999999999998,0.8,0,1,A1,A1,58,100099
0.9999999999999999,1.0,1,1,A1,A1,59,100100
0.8720815992723809,0.7378647873726218,0,0,A1,A4,60,100101
0.8999999999999998,0.8,0,1,A1,A1,61,100102
0.5642880936468347,0.31622776601683794,0,0,A1,A5,62,100103
0.6668859288553503,0.5270462766947299,0,0,A1,A5,63,100104
0.8207826816681234,0.7378647873726218,0,1,A1,A1,64,100105
0.39999999999999997,0.4,0,0,A1,A2,65,100106
0.8999999999999998,0.8,0,1,A1,A1,66,100107
0.8720815992723809,0.7378647873726218,0,1,A1,A1,67,100108
0.8207826816681234,0.7378647873726218,0,1,A1,A1,68,100109
0.8720815992723809,0.7378647873726218,0,0,A1,A4,69,100110
0.8999999999999998,0.8,0,1,A1,A1,70,100111
0.7,0.6,0,1,A1,A1,71,100112
0.9746794344808963,0.9486832980505138,0,1,A1,A1,72,100113
0.9746794344808963,0.9486832980505138,0,1,A1,A1,73,100114
0.8207826816681234,0.7378647873726218,0,1,A1,A1,74,100115
0.9999999999999999,1.0,1,1,A1,A1,75,100116
-0.3,-0.2,0,0,A1,A3,76,100117
0.7,0.6,0,1,A1,A1,77,100118
0.8944271909999159,0.8366600265340756,0,1,A1,A1,78,100119
0.8207826816681234,0.7378647873726218,0,1,A1,A1,79,100120
0.9746794344808963,0.9486832980505138,0,1,A1,A1,80,100121
0.6155870112510925,0.5270462766947299,0,1,A1,A1,81,100122
0.19999999999999998,0.2,0,0,A1,A2,82,100123
0.8999999999999998,0.8,0,1,A1,A1,83,100124
0.8999999999999998,0.8,0,1,A1,A1,84,100125
0.39999999999999997,0.4,0,1,A1,A1,85,100126
0.49999999999999994,0.4,0,1,A1,A1,86,100127
0.9999999999999999,1.0,1,1,A1,A1,87,100128
0.8720815992723809,0.7378647873726218,0,1,A1,A1,88,100129
0.6,0.4,0,1,A1,A1,89,100130
0.7,0.6,0,0,A1,A4,90,100131
0.9999999999999999,1.0,1,1,A1,A1,91,100132
0.8999999999999998,0.8,0,1,A1,A1,92,100133
0.8720815992723809,0.7378647873726218,0,0,A1,A4,93,100134
0.9999999999999999,1.0,1,1,A1,A1,94,100135
0.30779350562554625,0.31622776601683794,0,0,A1,A2,95,100136
0.9746794344808963,0.9486832980505138,0,1,A1,A1,96,100137
0.9746794344808963,0.9486832980505138,0,1,A1,A1,97,100138
0.8720815992723809,0.7378647873726218,0,0,A1,A4,98,100139
0.7,0.6,0,0,A1,A4,99,100140
0.8944271909999159,0.8366600265340756,0,1,A1,A1,100,100141
0.8999999999999998,0.8,0,1,A1,A1,101,100142
0.6155870112510925,0.5270462766947299,0,1,A1,A1,102,100143
0.9746794344808963,0.9486832980505138,0,1,A1,A1,103,100144
0.6668859288553503,0.5270462766947299,0,1,A1,A1,104,100145
0.8999999999999998,0.8,0,1,A1,A1,105,100146
0.9746794344808963,0.9486832980505138,0,1,A1,A1,106,100147
0.6,0.4,0,1,A1,A1,107,100148
0.9746794344808963,0.9486832980505138,0,1,A1,A1,108,100149
0.8944271909999159,0.8366600265340756,0,1,A1,A1,109,100150
0.9746794344808963,0.9486832980505138,0,1,A1,A1,110,100151
0.8999999999999998,0.8,0,0,A1,A4,111,100152
0.9999999999999999,1.0,1,1,A1,A1,112,100153
0.7,0.6,0,1,A1,A1,113,100154
0.39999999999999997,0.4,0,0,A1,A2,114,100155
0.9999999999999999,1.0,1,1,A1,A1,115,100156
0.9746794344808963,0.9486832980505138,0,1,A1,A1,116,100157
0.9999999999999999,1.0,1,1,A1,A1,117,100158
0.39999999999999997,0.4,0,0,A1,A2,118,100159
0.9746794344808963,0.9486832980505138,0,1,A1,A1,119,100160
0.8207826816681234,0.7378647873726218,0,1,A1,A1,120,100161
0.9746794344808963,0.9486832980505138,0,1,A1,A1,121,100162
0.7,0.6,0,1,A1,A1,122,100163
0.39999999999999997,0.4,0,0,A1,A2,123,100164
0.8944271909999159,0.8366600265340756,0,1,A1,A1,124,100165
0.8207826816681234,0.7378647873726218,0,1,A1,A1,125,100166
-0.09999999999999999,0.0,0,0,A1,A3,126,100167
0.8207826816681234,0.7378647873726218,0,1,A1,A1,127,100168
0.8999999999999998,0.8,0,1,A1,A1,128,100169
0.30779350562554625,0.31622776601683794,0,0,A1,A2,129,100170
0.8944271909999159,0.8366600265340756,0,1,A1,A1,130,100171
0.9746794344808963,0.9486832980505138,0,1,A1,A1,131,100172
0.49999999999999994,0.4,0,0,A1,A4,132,100173
0.9746794344808963,0.9486832980505138,0,1,A1,A1,133,100174
0.9746794344808963,0.9486832980505138,0,1,A1,A1,134,100175
0.6,0.4,0,1,A1,A1,135,100176
0.9746794344808963,0.9486832980505138,0,1,A1,A1,136,100177
0.8720815992723809,0.7378647873726218,0,0,A1,A4,137,100178
0.8720815992723809,0.7378647873726218,0,1,A1,A1,138,100179
0.8944271909999159,0.8366600265340756,0,1,A1,A1,139,100180
0.8207826816681234,0.7378647873726218,0,1,A1,A1,140,100181
0.9746794344808963,0.9486832980505138,0,1,A1,A1,141,100182
0.9746794344808963,0.9486832980505138,0,1,A1,A1,142,100183
0.6668859288553503,0.5270462766947299,0,0,A1,A5,143,100184
0.9746794344808963,0.9486832980505138,0,1,A1,A1,144,100185
0.9746794344808963,0.9486832980505138,0,1,A1,A1,145,100186
0.9999999999999999,1.0,1,1,A1,A1,146,100187
0.6,0.4,0,1,A1,A1,147,100188
0.6,0.4,0,1,A1,A1,148,100189
0.9746794344808963,0.9486832980505138,0,1,A1,A1,149,100190
0.9746794344808963,0.9486832980505138,0,1,A1,A1,150,100191
0.6668859288553503,0.5270462766947299,0,0,A1,A5,151,100192
0.8999999999999998,0.8,0,1,A1,A1,152,100193
0.8999999999999998,0.8,0,0,A1,A4,153,100194
0.9999999999999999,1.0,1,1,A1,A1,154,100195
0.9746794344808963,0.9486832980505138,0,1,A1,A1,155,100196
0.8999999999999998,0.8,0,1,A1,A1,156,100197
0.8944271909999159,0.8366600265340756,0,1,A1,A1,157,100198
0.7,0.6,0,1,A1,A1,158,100199
0.8944271909999159,0.8366600265340756,0,1,A1,A1,159,100200
0.9746794344808963,0.9486832980505138,0,1,A1,A1,160,100201
0.49999999999999994,0.4,0,1,A1,A1,161,100202
0.9746794344808963,0.9486832980505138,0,1,A1,A1,162,100203
0.9746794344808963,0.9486832980505138,0,1,A1,A1,163,100204
0.7999999999999999,0.6,0,0,A1,A4,164,100205
0.6,0.4,0,1,A1,A1,165,100206
0.9746794344808963,0.9486832980505138,0,1,A1,A1,166,100207
0.39999999999999997,0.4,0,1,A1,A1,167,100208
0.7,0.6,0,1,A1,A1,168,100209
0.8720815992723809,0.7378647873726218,0,1,A1,A1,169,100210
0.7181848464596079,0.5270462766947299,0,0,A1,A4,170,100211
0.9999999999999999,1.0,1,1,A1,A1,171,100212
0.9746794344808963,0.9486832980505138,0,1,A1,A1,172,100213
0.6668859288553503,0.5270462766947299,0,0,A1,A5,173,100214
0.8999999999999998,0.8,0,1,A1,A1,174,100215
0.9746794344808963,0.9486832980505138,0,1,A1,A1,175,100216
0.8944271909999159,0.8366600265340756,0,1,A1,A1,176,100217
0.3,0.2,0,0,A1,A2,177,100218
0.9746794344808963,0.9486832980505138,0,1,A1,A1,178,100219
0.8944271909999159,0.8366600265340756,0,1,A1,A1,179,100220
0.9746794344808963,0.9486832980505138,0,1,A1,A1,180,100221
0.9999999999999999,1.0,1,1,A1,A1,181,100222
0.7,0.6,0,1,A1,A1,182,100223
0.7,0.6,0,1,A1,A1,183,100224
0.8944271909999159,0.8366600265340756,0,1,A1,A1,184,100225
0.6,0.4,0,1,A1,A1,185,100226
0.9746794344808963,0.9486832980505138,0,1,A1,A1,186,100227
0.9746794344808963,0.9486832980505138,0,1,A1,A1,187,100228
0.9999999999999999,1.0,1,1,A1,A1,188,100229
0.9746794344808963,0.9486832980505138,0,1,A1,A1,189,100230
0.5642880936468347,0.31622776601683794,0,0,A1,A5,190,100231
0.8944271909999159,0.8366600265340756,0,1,A1,A1,191,100232
0.9746794344808963,0.9486832980505138,0,1,A1,A1,192,100233
0.7,0.6,0,1,A1,A1,193,100234
0.19999999999999998,0.2,0,0,A1,A5,194,100235
0.6668859288553503,0.5270462766947299,0,0,A1,A5,195,100236
0.6155870112510925,0.5270462766947299,0,1,A1,A1,196,100237
0.9746794344808963,0.9486832980505138,0,1,A1,A1,197,100238
0.7,0.6,0,0,A1,A5,198,100239
0.39999999999999997,0.4,0,0,A1,A2,199,100240
0.9999999999999999,1.0,1,1,A1,A1,200,100241
0.8999999999999998,0.8,0,0,A1,A4,201,100242
0.9999999999999999,1.0,1,1,A1,A1,202,100243
0.0,0.2,0,0,A1,A3,203,100244
0.8720815992723809,0.7378647873726218,0,1,A1,A1,204,100245
0.6155870112510925,0.5270462766947299,0,1,A1,A1,205,100246
0.9746794344808963,0.9486832980505138,0,1,A1,A1,206,100247
0.9999999999999999,1.0,1,1,A1,A1,207,100248
0.8720815992723809,0.7378647873726218,0,0,A1,A4,208,100249
0.8944271909999159,0.8366600265340756,0,1,A1,A1,209,100250
0.7999999999999999,0.6,0,0,A1,A4,210,100251
0.9746794344808963,0.9486832980505138,0,1,A1,A1,211,100252
0.9999999999999999,1.0,1,1,A1,A1,212,100253
0.8720815992723809,0.7378647873726218,0,1,A1,A1,213,100254
0.9746794344808963,0.9486832980505138,0,1,A1,A1,214,100255
0.9746794344808963,0.9486832980505138,0,1,A1,A1,215,100256
0.39999999999999997,0.4,0,0,A1,A2,216,100257
0.19999999999999998,0.2,0,0,A1,A5,217,100258
0.8720815992723809,0.7378647873726218,0,1,A1,A1,218,100259
0.6668859288553503,0.5270462766947299,0,0,A1,A5,219,100260
0.7,0.6,0,1,A1,A1,220,100261
0.9746794344808963,0.9486832980505138,0,1,A1,A1,221,100262
0.8944271909999159,0.8366600265340756,0,1,A1,A1,222,100263
0.6,0.4,0,1,A1,A1,223,100264
0.8999999999999998,0.8,0,1,A1,A1,224,100265
0.9999999999999999,1.0,1,1,A1,A1,225,100266
0.19999999999999998,0.2,0,0,A1,A2,226,100267
0.39999999999999997,0.4,0,1,A1,A1,227,100268
0.7,0.6,0,1,A1,A1,228,100269
0.39999999999999997,0.4,0,0,A1,A2,229,100270
0.9746794344808963,0.9486832980505138,0,1,A1,A1,230,100271
0.8720815992723809,0.7378647873726218,0,1,A1,A1,231,100272
0.0,0.2,0,0,A1,A3,232,100273
0.8999999999999998,0.8,0,1,A1,A1,233,100274
0.7999999999999999,0.6,0,1,A1,A1,234,100275
0.9746794344808963,0.9486832980505138,0,1,A1,A1,235,100276
0.9746794344808963,0.9486832980505138,0,1,A1,A1,236,100277
0.9999999999999999,1.0,1,1,A1,A1,237,100278
0.9746794344808963,0.9486832980505138,0,1,A1,A1,238,100279
0.9746794344808963,0.9486832980505138,0,1,A1,A1,239,100280
0.7,0.6,0,1,A1,A1,240,100281
0.7,0.6,0,0,A1,A4,241,100282
0.49999999999999994,0.4,0,1,A1,A1,242,100283
0.6155870112510925,0.5270462766947299,0,1,A1,A1,243,100284
0.9746794344808963,0.9486832980505138,0,1,A1,A1,244,100285
0.9746794344808963,0.9486832980505138,0,1,A1,A1,245,100286
0.8720815992723809,0.7378647873726218,0,1,A1,A1,246,100287
0.9746794344808963,0.9486832980505138,0,1,A1,A1,247,100288
0.9746794344808963,0.9486832980505138,0,1,A1,A1,248,100289
0.09999999999999999,0.0,0,0,A1,A2,249,100290
0.39999999999999997,0.4,0,0,A1,A2,250,100291
0.8207826816681234,0.7378647873726218,0,1,A1,A1,251,100292
0.6,0.4,0,0,A1,A5,252,100293
0.9746794344808963,0.9486832980505138,0,1,A1,A1,253,100294
0.9746794344808963,0.9486832980505138,0,1,A1,A1,254,100295
0.8999999999999998,0.8,0,1,A1,A1,255,100296
0.9999999999999999,1.0,1,1,A1,A1,256,100297
0.9746794344808963,0.9486832980505138,0,1,A1,A1,257,100298
0.6,0.4,0,1,A1,A1,258,100299
0.9746794344808963,0.9486832980505138,0,1,A1,A1,259,100300
0.9746794344808963,0.9486832980505138,0,1,A1,A1,260,100301
0.9746794344808963,0.9486832980505138,0,1,A1,A1,261,100302
0.5642880936468347,0.31622776601683794,0,0,A1,A5,262,100303
0.9999999999999999,1.0,1,1,A1,A1,263,100304
0.3,0.2,0,0,A1,A2,264,100305
0.8207826816681234,0.7378647873726218,0,1,A1,A1,265,100306
0.9999999999999999,1.0,1,1,A1,A1,266,100307
0.7,0.6,0,1,A1,A1,267,100308
0.39999999999999997,0.4,0,0,A1,A2,268,100309
0.8944271909999159,0.8366600265340756,0,1,A1,A1,269,100310
0.7,0.6,0,0,A1,A5,270,100311
0.8944271909999159,0.8366600265340756,0,1,A1,A1,271,100312
0.8720815992723809,0.7378647873726218,0,1,A1,A1,272,100313
0.6668859288553503,0.5270462766947299,0,0,A1,A5,273,100314
0.8999999999999998,0.8,0,1,A1,A1,274,100315
0.9746794344808963,0.9486832980505138,0,1,A1,A1,275,100316
0.8720815992723809,0.7378647873726218,0,1,A1,A1,276,100317
0.09999999999999999,0.0,0,0,A1,A2,277,100318
0.8944271909999159,0.8366600265340756,0,1,A1,A1,278,100319
0.9746794344808963,0.9486832980505138,0,1,A1,A1,279,100320
0.9746794344808963,0.9486832980505138,0,1,A1,A1,280,100321
0.9746794344808963,0.9486832980505138,0,1,A1,A1,281,100322
0.7,0.6,0,1,A1,A1,282,100323
0.7,0.6,0,1,A1,A1,283,100324
0.9746794344808963,0.9486832980505138,0,1,A1,A1,284,100325
0.9746794344808963,0.9486832980505138,0,1,A1,A1,285,100326
0.39999999999999997,0.4,0,0,A1,A2,286,100327
0.9746794344808963,0.9486832980505138,0,1,A1,A1,287,100328
0.6668859288553503,0.5270462766947299,0,1,A1,A1,288,100329
0.9746794344808963,0.9486832980505138,0,1,A1,A1,289,100330
0.39999999999999997,0.4,0,1,A1,A1,290,100331
0.9746794344808963,0.9486832980505138,0,1,A1,A1,291,100332
0.5642880936468347,0.31622776601683794,0,0,A1,A4,292,100333
0.8207826816681234,0.7378647873726218,0,1,A1,A1,293,100334
0.9746794344808963,0.9486832980505138,0,1,A1,A1,294,100335
0.9746794344808963,0.9486832980505138,0,1,A1,A1,295,100336
0.7,0.6,0,0,A1,A5,296,100337
0.9746794344808963,0.9486832980505138,0,1,A1,A1,297,100338
0.7826237921249264,0.5976143046671968,0,0,A1,A4,298,100339
0.7999999999999999,0.6,0,0,A1,A4,299,100340
0.9746794344808963,0.9486832980505138,0,1,A1,A1,300,100341
0.8999999999999998,0.8,0,1,A1,A1,301,100342
0.8207826816681234,0.7378647873726218,0,1,A1,A1,302,100343
0.6,0.4,0,1,A1,A1,303,100344
0.8944271909999159,0.8366600265340756,0,1,A1,A1,304,100345
0.35909242322980395,0.31622776601683794,0,1,A1,A1,305,100346
0.5642880936468347,0.31622776601683794,0,0,A1,A5,306,100347
0.6,0.4,0,1,A1,A1,307,100348
0.8720815992723809,0.7378647873726218,0,1,A1,A1,308,100349
0.7,0.6,0,1,A1,A1,309,100350
0.9999999999999999,1.0,1,1,A1,A1,310,100351
0.8999999999999998,0.8,0,1,A1,A1,311,100352
0.8720815992723809,0.7378647873726218,0,0,A1,A4,312,100353
0.8944271909999159,0.8366600265340756,0,1,A1,A1,313,100354
0.7,0.6,0,1,A1,A1,314,100355
0.6155870112510925,0.5270462766947299,0,1,A1,A1,315,100356
0.8720815992723809,0.7378647873726218,0,1,A1,A1,316,100357
0.9746794344808963,0.9486832980505138,0,1,A1,A1,317,100358
0.8720815992723809,0.7378647873726218,0,1,A1,A1,318,100359
0.8720815992723809,0.7378647873726218,0,1,A1,A1,319,100360
0.9999999999999999,1.0,1,1,A1,A1,320,100361
0.8207826816681234,0.7378647873726218,0,1,A1,A1,321,100362
0.9746794344808963,0.9486832980505138,0,1,A1,A1,322,100363
0.8207826816681234,0.7378647873726218,0,1,A1,A1,323,100364
0.8944271909999159,0.8366600265340756,0,1,A1,A1,324,100365
0.7,0.6,0,1,A1,A1,325,100366
0.0,0.2,0,0,A1,A3,326,100367
0.8720815992723809,0.7378647873726218,0,0,A1,A4,327,100368
0.8720815992723809,0.7378647873726218,0,1,A1,A1,328,100369
0.9999999999999999,1.0,1,1,A1,A1,329,100370
0.8207826816681234,0.7378647873726218,0,1,A1,A1,330,100371
0.9999999999999999,1.0,1,1,A1,A1,331,100372
0.9999999999999999,1.0,1,1,A1,A1,332,100373
0.9746794344808963,0.9486832980505138,0,1,A1,A1,333,100374
0.7999999999999999,0.6,0,0,A1,A4,334,100375
0.9999999999999999,1.0,1,1,A1,A1,335,100376
0.6,0.4,0,1,A1,A1,336,100377
0.8720815992723809,0.7378647873726218,0,0,A1,A4,337,100378
0.6,0.4,0,1,A1,A1,338,100379
0.7,0.6,0,1,A1,A1,339,100380
0.9746794344808963,0.9486832980505138,0,1,A1,A1,340,100381
0.8944271909999159,0.8366600265340756,0,1,A1,A1,341,100382
0.9746794344808963,0.9486832980505138,0,1,A1,A1,342,100383
0.7,0.6,0,0,A1,A5,343,100384
0.8999999999999998,0.8,0,1,A1,A1,344,100385
0.9999999999999999,1.0,1,1,A1,A1,345,100386
0.9746794344808963,0.9486832980505138,0,1,A1,A1,346,100387
0.9999999999999999,1.0,1,1,A1,A1,347,100388
0.9746794344808963,0.9486832980505138,0,1,A1,A1,348,100389
0.39999999999999997,0.4,0,0,A1,A2,349,100390
0.9746794344808963,0.9486832980505138,0,1,A1,A1,350,100391
0.6,0.4,0,1,A1,A1,351,100392
0.6,0.4,0,1,A1,A1,352,100393
0.9746794344808963,0.9486832980505138,0,1,A1,A1,353,100394
0.8944271909999159,0.8366600265340756,0,1,A1,A1,354,100395
0.8999999999999998,0.8,0,1,A1,A1,355,100396
0.8944271909999159,0.8366600265340756,0,1,A1,A1,356,100397
0.8944271909999159,0.8366600265340756,0,1,A1,A1,357,100398
0.6668859288553503,0.5270462766947299,0,0,A1,A5,358,100399
0.8720815992723809,0.7378647873726218,0,1,A1,A1,359,100400
0.49999999999999994,0.2,0,0,A1,A5,360,100401
0.9746794344808963,0.9486832980505138,0,1,A1,A1,361,100402
0.6155870112510925,0.5270462766947299,0,1,A1,A1,362,100403
0.8207826816681234,0.7378647873726218,0,1,A1,A1,363,100404
0.8720815992723809,0.7378647873726218,0,0,A1,A4,364,100405
0.9746794344808963,0.9486832980505138,0,1,A1,A1,365,100406
0.9746794344808963,0.9486832980505138,0,1,A1,A1,366,100407
0.8720815992723809,0.7378647873726218,0,1,A1,A1,367,100408
0.9746794344808963,0.9486832980505138,0,1,A1,A1,368,100409
0.7,0.6,0,1,A1,A1,369,100410
0.8207826816681234,0.7378647873726218,0,1,A1,A1,370,100411
0.9746794344808963,0.9486832980505138,0,1,A1,A1,371,100412
0.8999999999999998,0.8,0,0,A1,A4,372,100413
0.9746794344808963,0.9486832980505138,0,1,A1,A1,373,100414
0.9999999999999999,1.0,1,1,A1,A1,374,100415
0.9999999999999999,1.0,1,1,A1,A1,375,100416
0.8207826816681234,0.7378647873726218,0,1,A1,A1,376,100417
0.9746794344808963,0.9486832980505138,0,1,A1,A1,377,100418
0.8944271909999159,0.8366600265340756,0,1,A1,A1,378,100419
0.8720815992723809,0.7378647873726218,0,1,A1,A1,379,100420
0.9999999999999999,1.0,1,1,A1,A1,380,100421
0.9746794344808963,0.9486832980505138,0,1,A1,A1,381,100422
0.39999999999999997,0.4,0,0,A1,A2,382,100423
0.9999999999999999,1.0,1,1,A1,A1,383,100424
0.30779350562554625,0.31622776601683794,0,0,A1,A2,384,100425
0.8999999999999998,0.8,0,1,A1,A1,385,100426
0.9746794344808963,0.9486832980505138,0,1,A1,A1,386,100427
0.9746794344808963,0.9486832980505138,0,1,A1,A1,387,100428
0.3,0.2,0,0,A1,A2,388,100429
0.9746794344808963,0.9486832980505138,0,1,A1,A1,389,100430
0.9746794344808963,0.9486832980505138,0,1,A1,A1,390,100431
0.7,0.6,0,1,A1,A1,391,100432
0.8207826816681234,0.7378647873726218,0,1,A1,A1,392,100433
0.9746794344808963,0.9486832980505138,0,1,A1,A1,393,100434
0.9746794344808963,0.9486832980505138,0,1,A1,A1,394,100435
0.8999999999999998,0.8,0,1,A1,A1,395,100436
0.9999999999999999,1.0,1,1,A1,A1,396,100437
0.9746794344808963,0.9486832980505138,0,1,A1,A1,397,100438
0.8944271909999159,0.8366600265340756,0,1,A1,A1,398,100439
0.8999999999999998,0.8,0,1,A1,A1,399,100440
0.9746794344808963,0.9486832980505138,0,1,A1,A1,400,100441
-0.49999999999999994,-0.4,0,0,A1,A2,401,100442
0.6668859288553503,0.5270462766947299,0,0,A1,A5,402,100443
0.6,0.4,0,1,A1,A1,403,100444
0.8944271909999159,0.8366600265340756,0,1,A1,A1,404,100445
0.8720815992723809,0.7378647873726218,0,0,A1,A4,405,100446
0.8999999999999998,0.8,0,1,A1,A1,406,100447
0.8207826816681234,0.7378647873726218,0,1,A1,A1,407,100448
0.8999999999999998,0.8,0,1,A1,A1,408,100449
0.9746794344808963,0.9486832980505138,0,1,A1,A1,409,100450
0.9746794344808963,0.9486832980505138,0,1,A1,A1,410,100451
0.9746794344808963,0.9486832980505138,0,1,A1,A1,411,100452
0.9746794344808963,0.9486832980505138,0,1,A1,A1,412,100453
0.9999999999999999,1.0,1,1,A1,A1,413,100454
0.8720815992723809,0.7378647873726218,0,1,A1,A1,414,100455
0.9999999999999999,1.0,1,1,A1,A1,415,100456
0.8720815992723809,0.7378647873726218,0,1,A1,A1,416,100457
-0.09999999999999999,0.0,0,0,A1,A2,417,100458
0.8999999999999998,0.8,0,1,A1,A1,418,100459
0.6,0.4,0,1,A1,A1,419,100460
0.5642880936468347,0.5270462766947299,0,1,A1,A1,420,100461
0.7,0.6,0,1,A1,A1,421,100462
0.8720815992723809,0.7378647873726218,0,1,A1,A1,422,100463
0.9746794344808963,0.9486832980505138,0,1,A1,A1,423,100464
0.7,0.6,0,1,A1,A1,424,100465
0.8944271909999159,0.8366600265340756,0,1,A1,A1,425,100466
0.4103913408340617,0.31622776601683794,0,0,A1,A4,426,100467
0.8720815992723809,0.7378647873726218,0,1,A1,A1,427,100468
0.9746794344808963,0.9486832980505138,0,1,A1,A1,428,100469
0.7,0.6,0,1,A1,A1,429,100470
0.9999999999999999,1.0,1,1,A1,A1,430,100471
0.8720815992723809,0.7378647873726218,0,1,A1,A1,431,100472
0.49999999999999994,0.4,0,0,A1,A4,432,100473
0.7,0.6,0,0,A1,A5,433,100474
0.8999999999999998,0.8,0,1,A1,A1,434,100475
0.7,0.6,0,1,A1,A1,435,100476
0.7,0.6,0,0,A1,A4,436,100477
0.7,0.6,0,1,A1,A1,437,100478
0.39999999999999997,0.4,0,0,A1,A2,438,100479
0.8999999999999998,0.8,0,1,A1,A1,439,100480
0.9999999999999999,1.0,1,1,A1,A1,440,100481
0.9746794344808963,0.9486832980505138,0,1,A1,A1,441,100482
0.8944271909999159,0.8366600265340756,0,1,A1,A1,442,100483
0.8207826816681234,0.7378647873726218,0,1,A1,A1,443,100484
0.8720815992723809,0.7378647873726218,0,1,A1,A1,444,100485
0.0,0.0,0,0,A1,A2,445,100486
0.6668859288553503,0.5270462766947299,0,1,A1,A1,446,100487
0.8720815992723809,0.7378647873726218,0,0,A1,A4,447,100488
0.8944271909999159,0.8366600265340756,0,1,A1,A1,448,100489
0.7,0.6,0,0,A1,A5,449,100490
0.9999999999999999,1.0,1,1,A1,A1,450,100491
0.7,0.6,0,1,A1,A1,451,100492
0.8999999999999998,0.8,0,1,A1,A1,452,100493
0.8944271909999159,0.8366600265340756,0,1,A1,A1,453,100494
0.8720815992723809,0.7378647873726218,0,1,A1,A1,454,100495
0.9746794344808963,0.9486832980505138,0,1,A1,A1,455,100496
0.30779350562554625,0.31622776601683794,0,0,A1,A2,456,100497
0.6668859288553503,0.5270462766947299,0,0,A1,A5,457,100498
0.19999999999999998,0.2,0,0,A1,A2,458,100499
0.39999999999999997,0.4,0,0,A1,A2,459,100500
0.9746794344808963,0.9486832980505138,0,1,A1,A1,460,100501
0.7,0.6,0,1,A1,A1,461,100502
0.8944271909999159,0.8366600265340756,0,1,A1,A1,462,100503
0.8999999999999998,0.8,0,1,A1,A1,463,100504
0.9999999999999999,1.0,1,1,A1,A1,464,100505
0.8999999999999998,0.8,0,1,A1,A1,465,100506
0.7,0.6,0,1,A1,A1,466,100507
0.9746794344808963,0.9486832980505138,0,1,A1,A1,467,100508
0.9999999999999999,1.0,1,1,A1,A1,468,100509
0.8720815992723809,0.7378647873726218,0,0,A1,A4,469,100510
0.8999999999999998,0.8,0,1,A1,A1,470,100511
0.9746794344808963,0.9486832980505138,0,1,A1,A1,471,100512
0.8999999999999998,0.8,0,1,A1,A1,472,100513
0.8999999999999998,0.8,0,1,A1,A1,473,100514
0.8720815992723809,0.7378647873726218,0,1,A1,A1,474,100515
0.9746794344808963,0.9486832980505138,0,1,A1,A1,475,100516
0.39999999999999997,0.4,0,0,A1,A2,476,100517
0.9999999999999999,1.0,1,1,A1,A1,477,100518
0.8720815992723809,0.7378647873726218,0,1,A1,A1,478,100519
0.8999999999999998,0.8,0,1,A1,A1,479,100520
0.9746794344808963,0.9486832980505138,0,1,A1,A1,480,100521
0.9746794344808963,0.9486832980505138,0,1,A1,A1,481,100522
0.39999999999999997,0.4,0,1,A1,A1,482,100523
0.8720815992723809,0.7378647873726218,0,1,A1,A1,483,100524
0.7,0.6,0,1,A1,A1,484,100525
0.9999999999999999,1.0,1,1,A1,A1,485,100526
0.9746794344808963,0.9486832980505138,0,1,A1,A1,486,100527
0.7,0.6,0,0,A1,A5,487,100528
-0.05129891760425771,0.10540925533894598,0,0,A1,A3,488,100529
0.7,0.6,0,1,A1,A1,489,100530
0.7,0.6,0,1,A1,A1,490,100531
0.8999999999999998,0.8,0,1,A1,A1,491,100532
0.6155870112510925,0.5270462766947299,0,1,A1,A1,492,100533
0.8944271909999159,0.8366600265340756,0,1,A1,A1,493,100534
0.9746794344808963,0.9486832980505138,0,1,A1,A1,494,100535
0.9746794344808963,0.9486832980505138,0,1,A1,A1,495,100536
0.9999999999999999,1.0,1,1,A1,A1,496,100537
0.8207826816681234,0.7378647873726218,0,1,A1,A1,497,100538
0.8999999999999998,0.8,0,1,A1,A1,498,100539
0.9746794344808963,0.9486832980505138,0,1,A1,A1,499,100540
0.39999999999999997,0.4,0,1,A1,A1,500,100541
0.9746794344808963,0.9486832980505138,0,1,A1,A1,501,100542
0.8720815992723809,0.7378647873726218,0,1,A1,A1,502,100543
0.39999999999999997,0.4,0,0,A1,A2,503,100544
0.7,0.6,0,1,A1,A1,504,100545
0.8999999999999998,0.8,0,1,A1,A1,505,100546
0.9746794344808963,0.9486832980505138,0,1,A1,A1,506,100547
0.6,0.4,0,0,A1,A5,507,100548
0.8999999999999998,0.8,0,1,A1,A1,508,100549
0.6,0.4,0,1,A1,A1,509,100550
0.9746794344808963,0.9486832980505138,0,1,A1,A1,510,100551
0.8720815992723809,0.7378647873726218,0,1,A1,A1,511,100552
0.8944271909999159,0.8366600265340756,0,1,A1,A1,512,100553
0.6,0.4,0,1,A1,A1,513,100554
0.9746794344808963,0.9486832980505138,0,1,A1,A1,514,100555
0.7999999999999999,0.6,0,0,A1,A4,515,100556
0.7,0.6,0,1,A1,A1,516,100557
0.19999999999999998,0.2,0,0,A1,A4,517,100558
0.9999999999999999,1.0,1,1,A1,A1,518,100559
0.7,0.6,0,1,A1,A1,519,100560
0.6155870112510925,0.5270462766947299,0,1,A1,A1,520,100561
0.9746794344808963,0.9486832980505138,0,1,A1,A1,521,100562
0.8999999999999998,0.8,0,0,A1,A4,522,100563
0.8720815992723809,0.7378647873726218,0,1,A1,A1,523,100564
0.9746794344808963,0.9486832980505138,0,1,A1,A1,524,100565
0.7,0.6,0,1,A1,A1,525,100566
0.8207826816681234,0.7378647873726218,0,1,A1,A1,526,100567
0.8720815992723809,0.7378647873726218,0,1,A1,A1,527,100568
0.8207826816681234,0.7378647873726218,0,1,A1,A1,528,100569
0.8999999999999998,0.8,0,1,A1,A1,529,100570
0.8207826816681234,0.7378647873726218,0,1,A1,A1,530,100571
0.9999999999999999,1.0,1,1,A1,A1,531,100572
0.8207826816681234,0.7378647873726218,0,1,A1,A1,532,100573
0.8720815992723809,0.7378647873726218,0,1,A1,A1,533,100574
0.8720815992723809,0.7378647873726218,0,0,A1,A4,534,100575
0.8999999999999998,0.8,0,0,A1,A4,535,100576
0.8207826816681234,0.7378647873726218,0,1,A1,A1,536,100577
0.8999999999999998,0.8,0,1,A1,A1,537,100578
0.6668859288553503,0.5270462766947299,0,1,A1,A1,538,100579
0.7,0.6,0,1,A1,A1,539,100580
0.9746794344808963,0.9486832980505138,0,1,A1,A1,540,100581
0.30779350562554625,0.31622776601683794,0,0,A1,A2,541,100582
0.7,0.6,0,1,A1,A1,542,100583
0.9746794344808963,0.9486832980505138,0,1,A1,A1,543,100584
0.8720815992723809,0.7378647873726218,0,1,A1,A1,544,100585
0.9999999999999999,1.0,1,1,A1,A1,545,100586
0.8999999999999998,0.8,0,1,A1,A1,546,100587
0.9999999999999999,1.0,1,1,A1,A1,547,100588
0.7,0.6,0,1,A1,A1,548,100589
0.9746794344808963,0.9486832980505138,0,1,A1,A1,549,100590
0.19999999999999998,0.2,0,0,A1,A2,550,100591
0.8944271909999159,0.8366600265340756,0,1,A1,A1,551,100592
0.9746794344808963,0.9486832980505138,0,1,A1,A1,552,100593
0.8207826816681234,0.7378647873726218,0,1,A1,A1,553,100594
0.9999999999999999,1.0,1,1,A1,A1,554,100595
0.9746794344808963,0.9486832980505138,0,1,A1,A1,555,100596
0.7,0.6,0,1,A1,A1,556,100597
0.9999999999999999,1.0,1,1,A1,A1,557,100598
0.9746794344808963,0.9486832980505138,0,1,A1,A1,558,100599
0.8720815992723809,0.7378647873726218,0,0,A1,A4,559,100600
0.8999999999999998,0.8,0,1,A1,A1,560,100601
0.8944271909999159,0.8366600265340756,0,1,A1,A1,561,100602
0.6668859288553503,0.5270462766947299,0,0,A1,A5,562,100603
0.8944271909999159,0.8366600265340756,0,1,A1,A1,563,100604
0.8999999999999998,0.8,0,1,A1,A1,564,100605
0.9999999999999999,1.0,1,1,A1,A1,565,100606
0.8999999999999998,0.8,0,0,A1,A4,566,100607
0.9746794344808963,0.9486832980505138,0,1,A1,A1,567,100608
0.8999999999999998,0.8,0,1,A1,A1,568,100609
0.8720815992723809,0.7378647873726218,0,1,A1,A1,569,100610
0.8944271909999159,0.8366600265340756,0,1,A1,A1,570,100611
0.8720815992723809,0.7378647873726218,0,1,A1,A1,571,100612
0.7,0.6,0,1,A1,A1,572,100613
0.39999999999999997,0.4,0,0,A1,A2,573,100614
0.9999999999999999,1.0,1,1,A1,A1,574,100615
0.5642880936468347,0.31622776601683794,0,0,A1,A4,575,100616
0.8720815992723809,0.7378647873726218,0,0,A1,A4,576,100617
0.8944271909999159,0.8366600265340756,0,1,A1,A1,577,100618
0.9746794344808963,0.9486832980505138,0,1,A1,A1,578,100619
0.11180339887498948,0.11952286093343936,0,0,A1,A2,579,100620
0.8999999999999998,0.8,0,1,A1,A1,580,100621
0.6155870112510925,0.5270462766947299,0,1,A1,A1,581,100622
0.8944271909999159,0.8366600265340756,0,1,A1,A1,582,100623
0.8720815992723809,0.7378647873726218,0,1,A1,A1,583,100624
0.9746794344808963,0.9486832980505138,0,1,A1,A1,584,100625
0.7,0.6,0,1,A1,A1,585,100626
-0.7,-0.6,0,0,A1,A3,586,100627
0.9746794344808963,0.9486832980505138,0,1,A1,A1,587,100628
0.9746794344808963,0.9486832980505138,0,1,A1,A1,588,100629
0.8207826816681234,0.7378647873726218,0,1,A1,A1,589,100630
0.30779350562554625,0.31622776601683794,0,0,A1,A2,590,100631
0.8999999999999998,0.8,0,1,A1,A1,591,100632
0.9746794344808963,0.9486832980505138,0,1,A1,A1,592,100633
0.8207826816681234,0.7378647873726218,0,1,A1,A1,593,100634
0.8720815992723809,0.7378647873726218,0,1,A1,A1,594,100635
0.9746794344808963,0.9486832980505138,0,1,A1,A1,595,100636
0.7999999999999999,0.6,0,0,A1,A4,596,100637
0.8944271909999159,0.8366600265340756,0,1,A1,A1,597,100638
0.7,0.6,0,1,A1,A1,598,100639
0.0,0.2,0,0,A1,A3,599,100640
0.9746794344808963,0.9486832980505138,0,1,A1,A1,600,100641
0.8720815992723809,0.7378647873726218,0,1,A1,A1,601,100642
0.8999999999999998,0.8,0,1,A1,A1,602,100643
0.9746794344808963,0.9486832980505138,0,1,A1,A1,603,100644
0.9999999999999999,1.0,1,1,A1,A1,604,100645
0.9746794344808963,0.9486832980505138,0,1,A1,A1,605,100646
0.8944271909999159,0.8366600265340756,0,1,A1,A1,606,100647
0.6,0.4,0,0,A1,A5,607,100648
0.8999999999999998,0.8,0,1,A1,A1,608,100649
0.8999999999999998,0.8,0,1,A1,A1,609,100650
0.9999999999999999,1.0,1,1,A1,A1,610,100651
0.9999999999999999,1.0,1,1,A1,A1,611,100652
0.39999999999999997,0.4,0,1,A1,A1,612,100653
0.9746794344808963,0.9486832980505138,0,1,A1,A1,613,100654
0.9746794344808963,0.9486832980505138,0,1,A1,A1,614,100655
0.8720815992723809,0.7378647873726218,0,1,A1,A1,615,100656
0.9746794344808963,0.9486832980505138,0,1,A1,A1,616,100657
0.8720815992723809,0.7378647873726218,0,1,A1,A1,617,100658
0.39999999999999997,0.4,0,0,A1,A2,618,100659
0.09999999999999999,0.0,0,0,A1,A2,619,100660
-0.09999999999999999,0.0,0,0,A1,A2,620,100661
0.8207826816681234,0.7378647873726218,0,1,A1,A1,621,100662
0.7,0.6,0,1,A1,A1,622,100663
0.8207826816681234,0.7378647873726218,0,1,A1,A1,623,100664
0.9746794344808963,0.9486832980505138,0,1,A1,A1,624,100665
0.9746794344808963,0.9486832980505138,0,1,A1,A1,625,100666
0.8944271909999159,0.8366600265340756,0,1,A1,A1,626,100667
0.7,0.6,0,1,A1,A1,627,100668
0.9746794344808963,0.9486832980505138,0,1,A1,A1,628,100669
0.8944271909999159,0.8366600265340756,0,1,A1,A1,629,100670
0.9999999999999999,1.0,1,1,A1,A1,630,100671
0.9999999999999999,1.0,1,1,A1,A1,631,100672
0.6,0.4,0,1,A1,A1,632,100673
0.8720815992723809,0.7378647873726218,0,1,A1,A1,633,100674
0.8720815992723809,0.7378647873726218,0,1,A1,A1,634,100675
0.9746794344808963,0.9486832980505138,0,1,A1,A1,635,100676
0.9746794344808963,0.9486832980505138,0,1,A1,A1,636,100677
0.6,0.4,0,1,A1,A1,637,100678
0.9999999999999999,1.0,1,1,A1,A1,638,100679
0.3,0.2,0,0,A1,A2,639,100680
0.9746794344808963,0.9486832980505138,0,1,A1,A1,640,100681
0.9999999999999999,1.0,1,1,A1,A1,641,100682
0.9746794344808963,0.9486832980505138,0,1,A1,A1,642,100683
0.6155870112510925,0.5270462766947299,0,1,A1,A1,643,100684
0.8720815992723809,0.7378647873726218,0,1,A1,A1,644,100685
0.8944271909999159,0.8366600265340756,0,1,A1,A1,645,100686
0.9746794344808963,0.9486832980505138,0,1,A1,A1,646,100687
0.8944271909999159,0.8366600265340756,0,1,A1,A1,647,100688
0.8720815992723809,0.7378647873726218,0,1,A1,A1,648,100689
0.8207826816681234,0.7378647873726218,0,1,A1,A1,649,100690
0.9999999999999999,1.0,1,1,A1,A1,650,100691
0.8944271909999159,0.8366600265340756,0,1,A1,A1,651,100692
0.9999999999999999,1.0,1,1,A1,A1,652,100693
0.5642880936468347,0.31622776601683794,0,0,A1,A5,653,100694
0.8944271909999159,0.8366600265340756,0,1,A1,A1,654,100695
0.8944271909999159,0.8366600265340756,0,1,A1,A1,655,100696
0.8999999999999998,0.8,0,1,A1,A1,656,100697
0.39999999999999997,0.4,0,0,A1,A2,657,100698
0.8944271909999159,0.8366600265340756,0,1,A1,A1,658,100699
0.8207826816681234,0.7378647873726218,0,1,A1,A1,659,100700
0.6,0.4,0,0,A1,A5,660,100701
0.8720815992723809,0.7378647873726218,0,1,A1,A1,661,100702
0.8944271909999159,0.8366600265340756,0,1,A1,A1,662,100703
0.8944271909999159,0.8366600265340756,0,1,A1,A1,663,100704
0.9746794344808963,0.9486832980505138,0,1,A1,A1,664,100705
0.8944271909999159,0.8366600265340756,0,1,A1,A1,665,100706
0.19999999999999998,0.2,0,0,A1,A2,666,100707
0.39999999999999997,0.4,0,0,A1,A2,667,100708
0.8999999999999998,0.8,0,1,A1,A1,668,100709
0.8999999999999998,0.8,0,1,A1,A1,669,100710
0.8207826816681234,0.7378647873726218,0,1,A1,A1,670,100711
-0.09999999999999999,0.0,0,0,A1,A5,671,100712
0.3,0.2,0,1,A1,A1,672,100713
0.8999999999999998,0.8,0,0,A1,A4,673,100714
0.9746794344808963,0.9486832980505138,0,1,A1,A1,674,100715
0.9746794344808963,0.9486832980505138,0,1,A1,A1,675,100716
0.8720815992723809,0.7378647873726218,0,1,A1,A1,676,100717
0.9999999999999999,1.0,1,1,A1,A1,677,100718
0.8999999999999998,0.8,0,1,A1,A1,678,100719
0.9746794344808963,0.9486832980505138,0,1,A1,A1,679,100720
0.19999999999999998,0.2,0,1,A1,A1,680,100721
0.8944271909999159,0.8366600265340756,0,1,A1,A1,681,100722
0.9746794344808963,0.9486832980505138,0,1,A1,A1,682,100723
0.9746794344808963,0.9486832980505138,0,1,A1,A1,683,100724
0.9746794344808963,0.9486832980505138,0,1,A1,A1,684,100725
0.9746794344808963,0.9486832980505138,0,1,A1,A1,685,100726
0.3,0.2,0,0,A1,A2,686,100727
0.8999999999999998,0.8,0,1,A1,A1,687,100728
0.9746794344808963,0.9486832980505138,0,1,A1,A1,688,100729
0.8207826816681234,0.7378647873726218,0,1,A1,A1,689,100730
0.9746794344808963,0.9486832980505138,0,1,A1,A1,690,100731
0.8999999999999998,0.8,0,0,A1,A4,691,100732
0.7,0.6,0,1,A1,A1,692,100733
0.8720815992723809,0.7378647873726218,0,1,A1,A1,693,100734
0.9999999999999999,1.0,1,1,A1,A1,694,100735
0.6708203932499368,0.5976143046671968,0,1,A1,A1,695,100736
0.9746794344808963,0.9486832980505138,0,1,A1,A1,696,100737
0.8999999999999998,0.8,0,1,A1,A1,697,100738
0.8999999999999998,0.8,0,1,A1,A1,698,100739
0.8720815992723809,0.7378647873726218,0,1,A1,A1,699,100740
0.9746794344808963,0.9486832980505138,0,1,A1,A1,700,100741
-0.6,-0.4,0,0,A1,A2,701,100742
0.7,0.6,0,1,A1,A1,702,100743
0.8999999999999998,0.8,0,1,A1,A1,703,100744
0.8999999999999998,0.8,0,1,A1,A1,704,100745
0.8720815992723809,0.7378647873726218,0,0,A1,A4,705,100746
0.8999999999999998,0.8,0,1,A1,A1,706,100747
0.3,0.2,0,0,A1,A2,707,100748
0.9746794344808963,0.9486832980505138,0,1,A1,A1,708,100749
0.9746794344808963,0.9486832980505138,0,1,A1,A1,709,100750
0.8720815992723809,0.7378647873726218,0,1,A1,A1,710,100751
0.8999999999999998,0.8,0,1,A1,A1,711,100752
0.39999999999999997,0.4,0,0,A1,A2,712,100753
-0.09999999999999999,0.0,0,0,A1,A3,713,100754
0.8720815992723809,0.7378647873726218,0,0,A1,A4,714,100755
0.8999999999999998,0.8,0,1,A1,A1,715,100756
0.49999999999999994,0.4,0,0,A1,A5,716,100757
0.9999999999999999,1.0,1,1,A1,A1,717,100758
0.39999999999999997,0.4,0,0,A1,A2,718,100759
0.9746794344808963,0.9486832980505138,0,1,A1,A1,719,100760
0.8999999999999998,0.8,0,1,A1,A1,720,100761
0.39999999999999997,0.4,0,0,A1,A2,721,100762
0.8999999999999998,0.8,0,1,A1,A1,722,100763
0.8999999999999998,0.8,0,1,A1,A1,723,100764
0.9746794344808963,0.9486832980505138,0,1,A1,A1,724,100765
0.8999999999999998,0.8,0,1,A1,A1,725,100766
0.6668859288553503,0.5270462766947299,0,1,A1,A1,726,100767
0.8720815992723809,0.7378647873726218,0,1,A1,A1,727,100768
0.7,0.6,0,1,A1,A1,728,100769
0.6,0.4,0,1,A1,A1,729,100770
0.8999999999999998,0.8,0,1,A1,A1,730,100771
0.6,0.4,0,0,A1,A5,731,100772
0.39999999999999997,0.4,0,0,A1,A2,732,100773
0.9746794344808963,0.9486832980505138,0,1,A1,A1,733,100774
0.8944271909999159,0.8366600265340756,0,1,A1,A1,734,100775
0.9746794344808963,0.9486832980505138,0,1,A1,A1,735,100776
0.9746794344808963,0.9486832980505138,0,1,A1,A1,736,100777
0.3,0.2,0,0,A1,A2,737,100778
0.8720815992723809,0.7378647873726218,0,0,A1,A4,738,100779
0.39999999999999997,0.4,0,0,A1,A2,739,100780
0.9746794344808963,0.9486832980505138,0,1,A1,A1,740,100781
0.6155870112510925,0.5270462766947299,0,1,A1,A1,741,100782
0.8944271909999159,0.8366600265340756,0,1,A1,A1,742,100783
0.8720815992723809,0.7378647873726218,0,0,A1,A4,743,100784
0.8944271909999159,0.8366600265340756,0,1,A1,A1,744,100785
0.6668859288553503,0.5270462766947299,0,0,A1,A5,745,100786
0.9746794344808963,0.9486832980505138,0,1,A1,A1,746,100787
0.6,0.4,0,1,A1,A1,747,100788
0.8944271909999159,0.8366600265340756,0,1,A1,A1,748,100789
0.6668859288553503,0.5270462766947299,0,0,A1,A5,749,100790
0.7,0.6,0,1,A1,A1,750,100791
0.9746794344808963,0.9486832980505138,0,1,A1,A1,751,100792
0.35909242322980395,0.31622776601683794,0,1,A1,A1,752,100793
0.9746794344808963,0.9486832980505138,0,1,A1,A1,753,100794
0.9999999999999999,1.0,1,1,A1,A1,754,100795
0.8944271909999159,0.8366600265340756,0,1,A1,A1,755,100796
0.9746794344808963,0.9486832980505138,0,1,A1,A1,756,100797
0.8999999999999998,0.8,0,1,A1,A1,757,100798
0.8999999999999998,0.8,0,1,A1,A1,758,100799
0.9746794344808963,0.9486832980505138,0,1,A1,A1,759,100800
0.8999999999999998,0.8,0,1,A1,A1,760,100801
0.9746794344808963,0.9486832980505138,0,1,A1,A1,761,100802
0.9746794344808963,0.9486832980505138,0,1,A1,A1,762,100803
0.9999999999999999,1.0,1,1,A1,A1,763,100804
0.8944271909999159,0.8366600265340756,0,1,A1,A1,764,100805
0.7826237921249264,0.5976143046671968,0,0,A1,A4,765,100806
0.8720815992723809,0.7378647873726218,0,0,A1,A4,766,100807
0.9746794344808963,0.9486832980505138,0,1,A1,A1,767,100808
0.7,0.6,0,0,A1,A5,768,100809
0.9746794344808963,0.9486832980505138,0,1,A1,A1,769,100810
0.8999999999999998,0.8,0,1,A1,A1,770,100811
0.9746794344808963,0.9486832980505138,0,1,A1,A1,771,100812
0.6155870112510925,0.5270462766947299,0,1,A1,A1,772,100813
0.8720815992723809,0.7378647873726218,0,1,A1,A1,773,100814
0.9746794344808963,0.9486832980505138,0,1,A1,A1,774,100815
0.39999999999999997,0.4,0,0,A1,A2,775,100816
0.7826237921249264,0.5976143046671968,0,0,A1,A4,776,100817
0.6155870112510925,0.5270462766947299,0,1,A1,A1,777,100818
0.8720815992723809,0.7378647873726218,0,1,A1,A1,778,100819
0.8999999999999998,0.8,0,1,A1,A1,779,100820
0.8207826816681234,0.7378647873726218,0,1,A1,A1,780,100821
0.9746794344808963,0.9486832980505138,0,1,A1,A1,781,100822
0.7,0.6,0,1,A1,A1,782,100823
0.8999999999999998,0.8,0,1,A1,A1,783,100824
0.39999999999999997,0.4,0,1,A1,A1,784,100825
0.8944271909999159,0.8366600265340756,0,1,A1,A1,785,100826
0.8944271909999159,0.8366600265340756,0,1,A1,A1,786,100827
0.9746794344808963,0.9486832980505138,0,1,A1,A1,787,100828
0.9999999999999999,1.0,1,1,A1,A1,788,100829
0.6668859288553503,0.5270462766947299,0,0,A1,A5,789,100830
0.8720815992723809,0.7378647873726218,0,1,A1,A1,790,100831
0.8207826816681234,0.7378647873726218,0,1,A1,A1,791,100832
0.6668859288553503,0.5270462766947299,0,0,A1,A5,792,100833
0.8720815992723809,0.7378647873726218,0,1,A1,A1,793,100834
0.8720815992723809,0.7378647873726218,0,1,A1,A1,794,100835
0.8999999999999998,0.8,0,1,A1,A1,795,100836
0.8720815992723809,0.7378647873726218,0,0,A1,A4,796,100837
0.30779350562554625,0.31622776601683794,0,0,A1,A2,797,100838
0.8999999999999998,0.8,0,1,A1,A1,798,100839
0.8720815992723809,0.7378647873726218,0,1,A1,A1,799,100840
0.8999999999999998,0.8,0,1,A1,A1,800,100841
0.7,0.6,0,1,A1,A1,801,100842
0.8944271909999159,0.8366600265340756,0,1,A1,A1,802,100843
0.8999999999999998,0.8,0,1,A1,A1,803,100844
0.9746794344808963,0.9486832980505138,0,1,A1,A1,804,100845
0.8999999999999998,0.8,0,1,A1,A1,805,100846
0.9746794344808963,0.9486832980505138,0,1,A1,A1,806,100847
0.8999999999999998,0.8,0,0,A1,A4,807,100848
0.8207826816681234,0.7378647873726218,0,1,A1,A1,808,100849
0.8720815992723809,0.7378647873726218,0,0,A1,A4,809,100850
0.8999999999999998,0.8,0,1,A1,A1,810,100851
0.9746794344808963,0.9486832980505138,0,1,A1,A1,811,100852
0.9746794344808963,0.9486832980505138,0,1,A1,A1,812,100853
0.9746794344808963,0.9486832980505138,0,1,A1,A1,813,100854
0.7826237921249264,0.5976143046671968,0,0,A1,A4,814,100855
0.8720815992723809,0.7378647873726218,0,1,A1,A1,815,100856
0.6668859288553503,0.5270462766947299,0,1,A1,A1,816,100857
0.9746794344808963,0.9486832980505138,0,1,A1,A1,817,100858
0.9999999999999999,1.0,1,1,A1,A1,818,100859
0.7,0.6,0,1,A1,A1,819,100860
0.9999999999999999,1.0,1,1,A1,A1,820,100861
0.8720815992723809,0.7378647873726218,0,1,A1,A1,821,100862
0.9999999999999999,1.0,1,1,A1,A1,822,100863
0.39999999999999997,0.4,0,0,A1,A2,823,100864
0.9999999999999999,1.0,1,1,A1,A1,824,100865
0.8720815992723809,0.7378647873726218,0,1,A1,A1,825,100866
0.9746794344808963,0.9486832980505138,0,1,A1,A1,826,100867
0.9999999999999999,1.0,1,1,A1,A1,827,100868
0.8720815992723809,0.7378647873726218,0,1,A1,A1,828,100869
0.9746794344808963,0.9486832980505138,0,1,A1,A1,829,100870
0.9999999999999999,1.0,1,1,A1,A1,830,100871
0.8207826816681234,0.7378647873726218,0,1,A1,A1,831,100872
0.9999999999999999,1.0,1,1,A1,A1,832,100873
0.9999999999999999,1.0,1,1,A1,A1,833,100874
0.8999999999999998,0.8,0,1,A1,A1,834,100875
0.9746794344808963,0.9486832980505138,0,1,A1,A1,835,100876
0.7,0.6,0,1,A1,A1,836,100877
0.8999999999999998,0.8,0,1,A1,A1,837,100878
0.8999999999999998,0.8,0,1,A1,A1,838,100879
0.8999999999999998,0.8,0,1,A1,A1,839,100880
0.9746794344808963,0.9486832980505138,0,1,A1,A1,840,100881
0.8720815992723809,0.7378647873726218,0,1,A1,A1,841,100882
0.8720815992723809,0.7378647873726218,0,1,A1,A1,842,100883
0.6668859288553503,0.5270462766947299,0,0,A1,A5,843,100884
0.9746794344808963,0.9486832980505138,0,1,A1,A1,844,100885
0.9999999999999999,1.0,1,1,A1,A1,845,100886
0.7,0.6,0,1,A1,A1,846,100887
0.9746794344808963,0.9486832980505138,0,1,A1,A1,847,100888
0.8720815992723809,0.7378647873726218,0,1,A1,A1,848,100889
0.8944271909999159,0.8366600265340756,0,1,A1,A1,849,100890
0.7999999999999999,0.6,0,0,A1,A4,850,100891
0.8720815992723809,0.7378647873726218,0,1,A1,A1,851,100892
0.8999999999999998,0.8,0,1,A1,A1,852,100893
0.8999999999999998,0.8,0,1,A1,A1,853,100894
0.8207826816681234,0.7378647873726218,0,1,A1,A1,854,100895
0.9746794344808963,0.9486832980505138,0,1,A1,A1,855,100896
0.9746794344808963,0.9486832980505138,0,1,A1,A1,856,100897
0.9746794344808963,0.9486832980505138,0,1,A1,A1,857,100898
0.9746794344808963,0.9486832980505138,0,1,A1,A1,858,100899
0.9746794344808963,0.9486832980505138,0,1,A1,A1,859,100900
0.9999999999999999,1.0,1,1,A1,A1,860,100901
0.7,0.6,0,1,A1,A1,861,100902
0.5642880936468347,0.31622776601683794,0,0,A1,A5,862,100903
0.9999999999999999,1.0,1,1,A1,A1,863,100904
0.7,0.6,0,0,A1,A5,864,100905
0.9746794344808963,0.9486832980505138,0,1,A1,A1,865,100906
0.9746794344808963,0.9486832980505138,0,1,A1,A1,866,100907
0.9999999999999999,1.0,1,1,A1,A1,867,100908
0.7,0.6,0,1,A1,A1,868,100909
0.9746794344808963,0.9486832980505138,0,1,A1,A1,869,100910
0.7999999999999999,0.6,0,0,A1,A4,870,100911
0.6668859288553503,0.5270462766947299,0,1,A1,A1,871,100912
0.7,0.6,0,1,A1,A1,872,100913
0.9999999999999999,1.0,1,1,A1,A1,873,100914
0.8720815992723809,0.7378647873726218,0,0,A1,A4,874,100915
0.9746794344808963,0.9486832980505138,0,1,A1,A1,875,100916
0.8999999999999998,0.8,0,1,A1,A1,876,100917
0.7,0.6,0,1,A1,A1,877,100918
0.8944271909999159,0.8366600265340756,0,1,A1,A1,878,100919
0.9746794344808963,0.9486832980505138,0,1,A1,A1,879,100920
0.7,0.6,0,1,A1,A1,880,100921
0.9746794344808963,0.9486832980505138,0,1,A1,A1,881,100922
0.8944271909999159,0.8366600265340756,0,1,A1,A1,882,100923
0.8207826816681234,0.7378647873726218,0,1,A1,A1,883,100924
0.6668859288553503,0.5270462766947299,0,0,A1,A5,884,100925
0.9746794344808963,0.9486832980505138,0,1,A1,A1,885,100926
0.8999999999999998,0.8,0,1,A1,A1,886,100927
0.9746794344808963,0.9486832980505138,0,1,A1,A1,887,100928
0.8720815992723809,0.7378647873726218,0,1,A1,A1,888,100929
0.9746794344808963,0.9486832980505138,0,1,A1,A1,889,100930
0.9746794344808963,0.9486832980505138,0,1,A1,A1,890,100931
0.8999999999999998,0.8,0,1,A1,A1,891,100932
0.9746794344808963,0.9486832980505138,0,1,A1,A1,892,100933
0.8944271909999159,0.8366600265340756,0,1,A1,A1,893,100934
0.9999999999999999,1.0,1,1,A1,A1,894,100935
0.7,0.6,0,1,A1,A1,895,100936
0.6,0.4,0,1,A1,A1,896,100937
0.8720815992723809,0.7378647873726218,0,1,A1,A1,897,100938
0.8720815992723809,0.7378647873726218,0,0,A1,A4,898,100939
0.9746794344808963,0.9486832980505138,0,1,A1,A1,899,100940
0.9746794344808963,0.9486832980505138,0,1,A1,A1,900,100941
0.9746794344808963,0.9486832980505138,0,1,A1,A1,901,100942
0.9746794344808963,0.9486832980505138,0,1,A1,A1,902,100943
0.9746794344808963,0.9486832980505138,0,1,A1,A1,903,100944
0.3,0.2,0,0,A1,A2,904,100945
0.3,0.2,0,1,A1,A1,905,100946
0.8720815992723809,0.7378647873726218,0,1,A1,A1,906,100947
0.6668859288553503,0.5270462766947299,0,1,A1,A1,907,100948
0.8999999999999998,0.8,0,1,A1,A1,908,100949
0.9746794344808963,0.9486832980505138,0,1,A1,A1,909,100950
0.8720815992723809,0.7378647873726218,0,0,A1,A4,910,100951
0.7,0.6,0,0,A1,A4,911,100952
0.7,0.6,0,1,A1,A1,912,100953
0.9746794344808963,0.9486832980505138,0,1,A1,A1,913,100954
0.8999999999999998,0.8,0,1,A1,A1,914,100955
0.49999999999999994,0.4,0,1,A1,A1,915,100956
0.8720815992723809,0.7378647873726218,0,1,A1,A1,916,100957
0.8720815992723809,0.7378647873726218,0,1,A1,A1,917,100958
0.7,0.6,0,0,A1,A5,918,100959
0.3,0.2,0,1,A1,A1,919,100960
0.8999999999999998,0.8,0,1,A1,A1,920,100961
0.7,0.6,0,1,A1,A1,921,100962
0.39999999999999997,0.4,0,0,A1,A2,922,100963
0.9999999999999999,1.0,1,1,A1,A1,923,100964
0.7,0.6,0,1,A1,A1,924,100965
0.8944271909999159,0.8366600265340756,0,1,A1,A1,925,100966
0.8720815992723809,0.7378647873726218,0,1,A1,A1,926,100967
0.7,0.6,0,1,A1,A1,927,100968
0.8720815992723809,0.7378647873726218,0,0,A1,A4,928,100969
0.8944271909999159,0.8366600265340756,0,1,A1,A1,929,100970
0.8944271909999159,0.8366600265340756,0,1,A1,A1,930,100971
0.6,0.4,0,1,A1,A1,931,100972
0.8999999999999998,0.8,0,0,A1,A4,932,100973
0.9999999999999999,1.0,1,1,A1,A1,933,100974
0.9746794344808963,0.9486832980505138,0,1,A1,A1,934,100975
0.7,0.6,0,1,A1,A1,935,100976
0.9746794344808963,0.9486832980505138,0,1,A1,A1,936,100977
0.8999999999999998,0.8,0,1,A1,A1,937,100978
0.8720815992723809,0.7378647873726218,0,1,A1,A1,938,100979
0.7,0.6,0,1,A1,A1,939,100980
0.8999999999999998,0.8,0,1,A1,A1,940,100981
0.8720815992723809,0.7378647873726218,0,1,A1,A1,941,100982
0.9746794344808963,0.9486832980505138,0,1,A1,A1,942,100983
0.8999999999999998,0.8,0,1,A1,A1,943,100984
0.9999999999999999,1.0,1,1,A1,A1,944,100985
0.9746794344808963,0.9486832980505138,0,1,A1,A1,945,100986
0.7,0.6,0,1,A1,A1,946,100987
0.8720815992723809,0.7378647873726218,0,0,A1,A4,947,100988
0.7,0.6,0,0,A1,A5,948,100989
0.39999999999999997,0.4,0,0,A1,A2,949,100990
0.9746794344808963,0.9486832980505138,0,1,A1,A1,950,100991
0.39999999999999997,0.4,0,0,A1,A2,951,100992
0.8999999999999998,0.8,0,0,A1,A4,952,100993
0.9746794344808963,0.9486832980505138,0,1,A1,A1,953,100994
0.49999999999999994,0.4,0,1,A1,A1,954,100995
0.8999999999999998,0.8,0,1,A1,A1,955,100996
0.9746794344808963,0.9486832980505138,0,1,A1,A1,956,100997
0.9746794344808963,0.9486832980505138,0,1,A1,A1,957,100998
0.8999999999999998,0.8,0,1,A1,A1,958,100999
0.6155870112510925,0.5270462766947299,0,1,A1,A1,959,101000
0.9746794344808963,0.9486832980505138,0,1,A1,A1,960,101001
0.9746794344808963,0.9486832980505138,0,1,A1,A1,961,101002
0.7,0.6,0,1,A1,A1,962,101003
0.9746794344808963,0.9486832980505138,0,1,A1,A1,963,101004
0.9746794344808963,0.9486832980505138,0,1,A1,A1,964,101005
0.9746794344808963,0.9486832980505138,0,1,A1,A1,965,101006
0.8999999999999998,0.8,0,1,A1,A1,966,101007
0.8944271909999159,0.8366600265340756,0,1,A1,A1,967,101008
0.9999999999999999,1.0,1,1,A1,A1,968,101009
0.9746794344808963,0.9486832980505138,0,1,A1,A1,969,101010
0.8720815992723809,0.7378647873726218,0,1,A1,A1,970,101011
0.3,0.2,0,0,A1,A2,971,101012
0.7,0.6,0,0,A1,A4,972,101013
0.9746794344808963,0.9486832980505138,0,1,A1,A1,973,101014
0.09999999999999999,0.0,0,0,A1,A2,974,101015
0.8999999999999998,0.8,0,1,A1,A1,975,101016
0.39999999999999997,0.4,0,0,A1,A2,976,101017
0.8999999999999998,0.8,0,1,A1,A1,977,101018
0.8944271909999159,0.8366600265340756,0,1,A1,A1,978,101019
0.6668859288553503,0.5270462766947299,0,0,A1,A5,979,101020
0.8944271909999159,0.8366600265340756,0,1,A1,A1,980,101021
0.8999999999999998,0.8,0,1,A1,A1,981,101022
0.8999999999999998,0.8,0,1,A1,A1,982,101023
0.9746794344808963,0.9486832980505138,0,1,A1,A1,983,101024
0.9746794344808963,0.9486832980505138,0,1,A1,A1,984,101025
0.9746794344808963,0.9486832980505138,0,1,A1,A1,985,101026
0.8720815992723809,0.7378647873726218,0,1,A1,A1,986,101027
0.9746794344808963,0.9486832980505138,0,1,A1,A1,987,101028
0.9746794344808963,0.9486832980505138,0,1,A1,A1,988,101029
0.9746794344808963,0.9486832980505138,0,1,A1,A1,989,101030
0.9746794344808963,0.9486832980505138,0,1,A1,A1,990,101031
0.8720815992723809,0.7378647873726218,0,0,A1,A4,991,101032
0.6,0.4,0,0,A1,A5,992,101033
0.9746794344808963,0.9486832980505138,0,1,A1,A1,993,101034
0.30779350562554625,0.31622776601683794,0,0,A1,A2,994,101035
0.8999999999999998,0.8,0,1,A1,A1,995,101036
0.9746794344808963,0.9486832980505138,0,1,A1,A1,996,101037
0.8999999999999998,0.8,0,1,A1,A1,997,101038
-0.39999999999999997,-0.4,0,0,A1,A3,998,101039
0.8207826816681234,0.7378647873726218,0,1,A1,A1,999,101040
0.9746794344808963,0.9486832980505138,0,1,A1,A1,1000,101041
