scenario_id,dimension_changed,base_score,alternative_score,asset_id,asset_role,criticality,capacity_loss_percent,throughput,severity,assignment_seed,assignment_design,source_cmapss_unit_id,source_true_endpoint_rul_diagnostic_only,surrogate_rul_input,surrogate_rul_quantile,rul_urgency,combined_consequence,priority_score,priority_rank,rul_only_score,rul_only_rank,criticality_only_score,criticality_only_rank
A1_criticality_4_to_3,criticality,4,3,A1,Inbound conveyor motor,3,40,3,3,42,quintile_stratified,24,20,32.316305129135706,Q1_shortest_0_20pct,0.7414695589669144,0.6000000000000001,44.48817353801487,1,74.14695589669144,1,60.0,3
A1_criticality_4_to_3,criticality,4,3,A2,Sortation conveyor drive,5,80,5,4,42,quintile_stratified,47,135,121.81629897102604,Q4_60_80pct,0.025469608231791674,0.9333333333333333,2.377163434967223,4,2.5469608231791674,4,100.0,1
A1_criticality_4_to_3,criticality,4,3,A3,Vertical lift motor,4,55,4,4,42,quintile_stratified,39,142,172.98448712201755,Q5_longest_80_100pct,0.0,0.8,0.0,5,0.0,5,80.0,2
A1_criticality_4_to_3,criticality,4,3,A4,AGV/shuttle drive unit,2,15,2,2,42,quintile_stratified,64,28,47.55027096178691,Q2_20_40pct,0.6195978323057048,0.4,24.783913292228192,2,61.95978323057047,2,40.0,5
A1_criticality_4_to_3,criticality,4,3,A5,Packing-station roller motor,3,35,3,2,42,quintile_stratified,74,126,94.81409660307276,Q3_40_60pct,0.24148722717541793,0.5333333333333333,12.879318782688957,3,24.148722717541794,3,60.0,3
A1_criticality_4_to_5,criticality,4,5,A1,Inbound conveyor motor,5,40,3,3,42,quintile_stratified,24,20,32.316305129135706,Q1_shortest_0_20pct,0.7414695589669144,0.7333333333333334,54.37443432424039,1,74.14695589669144,1,100.0,1
A1_criticality_4_to_5,criticality,4,5,A2,Sortation conveyor drive,5,80,5,4,42,quintile_stratified,47,135,121.81629897102604,Q4_60_80pct,0.025469608231791674,0.9333333333333333,2.377163434967223,4,2.5469608231791674,4,100.0,1
A1_criticality_4_to_5,criticality,4,5,A3,Vertical lift motor,4,55,4,4,42,quintile_stratified,39,142,172.98448712201755,Q5_longest_80_100pct,0.0,0.8,0.0,5,0.0,5,80.0,3
A1_criticality_4_to_5,criticality,4,5,A4,AGV/shuttle drive unit,2,15,2,2,42,quintile_stratified,64,28,47.55027096178691,Q2_20_40pct,0.6195978323057048,0.4,24.783913292228192,2,61.95978323057047,2,40.0,5
A1_criticality_4_to_5,criticality,4,5,A5,Packing-station roller motor,3,35,3,2,42,quintile_stratified,74,126,94.81409660307276,Q3_40_60pct,0.24148722717541793,0.5333333333333333,12.879318782688957,3,24.148722717541794,3,60.0,4
A1_throughput_3_to_2,throughput,3,2,A1,Inbound conveyor motor,4,40,2,3,42,quintile_stratified,24,20,32.316305129135706,Q1_shortest_0_20pct,0.7414695589669144,0.6000000000000001,44.48817353801487,1,74.14695589669144,1,80.0,2
A1_throughput_3_to_2,throughput,3,2,A2,Sortation conveyor drive,5,80,5,4,42,quintile_stratified,47,135,121.81629897102604,Q4_60_80pct,0.025469608231791674,0.9333333333333333,2.377163434967223,4,2.5469608231791674,4,100.0,1
A1_throughput_3_to_2,throughput,3,2,A3,Vertical lift motor,4,55,4,4,42,quintile_stratified,39,142,172.98448712201755,Q5_longest_80_100pct,0.0,0.8,0.0,5,0.0,5,80.0,2
A1_throughput_3_to_2,throughput,3,2,A4,AGV/shuttle drive unit,2,15,2,2,42,quintile_stratified,64,28,47.55027096178691,Q2_20_40pct,0.6195978323057048,0.4,24.783913292228192,2,61.95978323057047,2,40.0,5
A1_throughput_3_to_2,throughput,3,2,A5,Packing-station roller motor,3,35,3,2,42,quintile_stratified,74,126,94.81409660307276,Q3_40_60pct,0.24148722717541793,0.5333333333333333,12.879318782688957,3,24.148722717541794,3,60.0,4
A1_throughput_3_to_4,throughput,3,4,A1,Inbound conveyor motor,4,40,4,3,42,quintile_stratified,24,20,32.316305129135706,Q1_shortest_0_20pct,0.7414695589669144,0.7333333333333334,54.37443432424039,1,74.14695589669144,1,80.0,2
A1_throughput_3_to_4,throughput,3,4,A2,Sortation conveyor drive,5,80,5,4,42,quintile_stratified,47,135,121.81629897102604,Q4_60_80pct,0.025469608231791674,0.9333333333333333,2.377163434967223,4,2.5469608231791674,4,100.0,1
A1_throughput_3_to_4,throughput,3,4,A3,Vertical lift motor,4,55,4,4,42,quintile_stratified,39,142,172.98448712201755,Q5_longest_80_100pct,0.0,0.8,0.0,5,0.0,5,80.0,2
A1_throughput_3_to_4,throughput,3,4,A4,AGV/shuttle drive unit,2,15,2,2,42,quintile_stratified,64,28,47.55027096178691,Q2_20_40pct,0.6195978323057048,0.4,24.783913292228192,2,61.95978323057047,2,40.0,5
A1_throughput_3_to_4,throughput,3,4,A5,Packing-station roller motor,3,35,3,2,42,quintile_stratified,74,126,94.81409660307276,Q3_40_60pct,0.24148722717541793,0.5333333333333333,12.879318782688957,3,24.148722717541794,3,60.0,4
A1_severity_3_to_2,severity,3,2,A1,Inbound conveyor motor,4,40,3,2,42,quintile_stratified,24,20,32.316305129135706,Q1_shortest_0_20pct,0.7414695589669144,0.6,44.48817353801486,1,74.14695589669144,1,80.0,2
A1_severity_3_to_2,severity,3,2,A2,Sortation conveyor drive,5,80,5,4,42,quintile_stratified,47,135,121.81629897102604,Q4_60_80pct,0.025469608231791674,0.9333333333333333,2.377163434967223,4,2.5469608231791674,4,100.0,1
A1_severity_3_to_2,severity,3,2,A3,Vertical lift motor,4,55,4,4,42,quintile_stratified,39,142,172.98448712201755,Q5_longest_80_100pct,0.0,0.8,0.0,5,0.0,5,80.0,2
A1_severity_3_to_2,severity,3,2,A4,AGV/shuttle drive unit,2,15,2,2,42,quintile_stratified,64,28,47.55027096178691,Q2_20_40pct,0.6195978323057048,0.4,24.783913292228192,2,61.95978323057047,2,40.0,5
A1_severity_3_to_2,severity,3,2,A5,Packing-station roller motor,3,35,3,2,42,quintile_stratified,74,126,94.81409660307276,Q3_40_60pct,0.24148722717541793,0.5333333333333333,12.879318782688957,3,24.148722717541794,3,60.0,4
A1_severity_3_to_4,severity,3,4,A1,Inbound conveyor motor,4,40,3,4,42,quintile_stratified,24,20,32.316305129135706,Q1_shortest_0_20pct,0.7414695589669144,0.7333333333333334,54.37443432424039,1,74.14695589669144,1,80.0,2
A1_severity_3_to_4,severity,3,4,A2,Sortation conveyor drive,5,80,5,4,42,quintile_stratified,47,135,121.81629897102604,Q4_60_80pct,0.025469608231791674,0.9333333333333333,2.377163434967223,4,2.5469608231791674,4,100.0,1
A1_severity_3_to_4,severity,3,4,A3,Vertical lift motor,4,55,4,4,42,quintile_stratified,39,142,172.98448712201755,Q5_longest_80_100pct,0.0,0.8,0.0,5,0.0,5,80.0,2
A1_severity_3_to_4,severity,3,4,A4,AGV/shuttle drive unit,2,15,2,2,42,quintile_stratified,64,28,47.55027096178691,Q2_20_40pct,0.6195978323057048,0.4,24.783913292228192,2,61.95978323057047,2,40.0,5
A1_severity_3_to_4,severity,3,4,A5,Packing-station roller motor,3,35,3,2,42,quintile_stratified,74,126,94.81409660307276,Q3_40_60pct,0.24148722717541793,0.5333333333333333,12.879318782688957,3,24.148722717541794,3,60.0,4
A2_criticality_5_to_4,criticality,5,4,A1,Inbound conveyor motor,4,40,3,3,42,quintile_stratified,24,20,32.316305129135706,Q1_shortest_0_20pct,0.7414695589669144,0.6666666666666667,49.43130393112763,1,74.14695589669144,1,80.0,1
A2_criticality_5_to_4,criticality,5,4,A2,Sortation conveyor drive,4,80,5,4,42,quintile_stratified,47,135,121.81629897102604,Q4_60_80pct,0.025469608231791674,0.8666666666666667,2.2073660467552787,4,2.5469608231791674,4,80.0,1
A2_criticality_5_to_4,criticality,5,4,A3,Vertical lift motor,4,55,4,4,42,quintile_stratified,39,142,172.98448712201755,Q5_longest_80_100pct,0.0,0.8,0.0,5,0.0,5,80.0,1
A2_criticality_5_to_4,criticality,5,4,A4,AGV/shuttle drive unit,2,15,2,2,42,quintile_stratified,64,28,47.55027096178691,Q2_20_40pct,0.6195978323057048,0.4,24.783913292228192,2,61.95978323057047,2,40.0,5
A2_criticality_5_to_4,criticality,5,4,A5,Packing-station roller motor,3,35,3,2,42,quintile_stratified,74,126,94.81409660307276,Q3_40_60pct,0.24148722717541793,0.5333333333333333,12.879318782688957,3,24.148722717541794,3,60.0,4
A2_throughput_5_to_4,throughput,5,4,A1,Inbound conveyor motor,4,40,3,3,42,quintile_stratified,24,20,32.316305129135706,Q1_shortest_0_20pct,0.7414695589669144,0.6666666666666667,49.43130393112763,1,74.14695589669144,1,80.0,2
A2_throughput_5_to_4,throughput,5,4,A2,Sortation conveyor drive,5,80,4,4,42,quintile_stratified,47,135,121.81629897102604,Q4_60_80pct,0.025469608231791674,0.8666666666666667,2.2073660467552787,4,2.5469608231791674,4,100.0,1
A2_throughput_5_to_4,throughput,5,4,A3,Vertical lift motor,4,55,4,4,42,quintile_stratified,39,142,172.98448712201755,Q5_longest_80_100pct,0.0,0.8,0.0,5,0.0,5,80.0,2
A2_throughput_5_to_4,throughput,5,4,A4,AGV/shuttle drive unit,2,15,2,2,42,quintile_stratified,64,28,47.55027096178691,Q2_20_40pct,0.6195978323057048,0.4,24.783913292228192,2,61.95978323057047,2,40.0,5
A2_throughput_5_to_4,throughput,5,4,A5,Packing-station roller motor,3,35,3,2,42,quintile_stratified,74,126,94.81409660307276,Q3_40_60pct,0.24148722717541793,0.5333333333333333,12.879318782688957,3,24.148722717541794,3,60.0,4
A2_severity_4_to_3,severity,4,3,A1,Inbound conveyor motor,4,40,3,3,42,quintile_stratified,24,20,32.316305129135706,Q1_shortest_0_20pct,0.7414695589669144,0.6666666666666667,49.43130393112763,1,74.14695589669144,1,80.0,2
A2_severity_4_to_3,severity,4,3,A2,Sortation conveyor drive,5,80,5,3,42,quintile_stratified,47,135,121.81629897102604,Q4_60_80pct,0.025469608231791674,0.8666666666666667,2.2073660467552787,4,2.5469608231791674,4,100.0,1
A2_severity_4_to_3,severity,4,3,A3,Vertical lift motor,4,55,4,4,42,quintile_stratified,39,142,172.98448712201755,Q5_longest_80_100pct,0.0,0.8,0.0,5,0.0,5,80.0,2
A2_severity_4_to_3,severity,4,3,A4,AGV/shuttle drive unit,2,15,2,2,42,quintile_stratified,64,28,47.55027096178691,Q2_20_40pct,0.6195978323057048,0.4,24.783913292228192,2,61.95978323057047,2,40.0,5
A2_severity_4_to_3,severity,4,3,A5,Packing-station roller motor,3,35,3,2,42,quintile_stratified,74,126,94.81409660307276,Q3_40_60pct,0.24148722717541793,0.5333333333333333,12.879318782688957,3,24.148722717541794,3,60.0,4
A2_severity_4_to_5,severity,4,5,A1,Inbound conveyor motor,4,40,3,3,42,quintile_stratified,24,20,32.316305129135706,Q1_shortest_0_20pct,0.7414695589669144,0.6666666666666667,49.43130393112763,1,74.14695589669144,1,80.0,2
A2_severity_4_to_5,severity,4,5,A2,Sortation conveyor drive,5,80,5,5,42,quintile_stratified,47,135,121.81629897102604,Q4_60_80pct,0.025469608231791674,1.0,2.5469608231791674,4,2.5469608231791674,4,100.0,1
A2_severity_4_to_5,severity,4,5,A3,Vertical lift motor,4,55,4,4,42,quintile_stratified,39,142,172.98448712201755,Q5_longest_80_100pct,0.0,0.8,0.0,5,0.0,5,80.0,2
A2_severity_4_to_5,severity,4,5,A4,AGV/shuttle drive unit,2,15,2,2,42,quintile_stratified,64,28,47.55027096178691,Q2_20_40pct,0.6195978323057048,0.4,24.783913292228192,2,61.95978323057047,2,40.0,5
A2_severity_4_to_5,severity,4,5,A5,Packing-station roller motor,3,35,3,2,42,quintile_stratified,74,126,94.81409660307276,Q3_40_60pct,0.24148722717541793,0.5333333333333333,12.879318782688957,3,24.148722717541794,3,60.0,4
A3_criticality_4_to_3,criticality,4,3,A1,Inbound conveyor motor,4,40,3,3,42,quintile_stratified,24,20,32.316305129135706,Q1_shortest_0_20pct,0.7414695589669144,0.6666666666666667,49.43130393112763,1,74.14695589669144,1,80.0,2
A3_criticality_4_to_3,criticality,4,3,A2,Sortation conveyor drive,5,80,5,4,42,quintile_stratified,47,135,121.81629897102604,Q4_60_80pct,0.025469608231791674,0.9333333333333333,2.377163434967223,4,2.5469608231791674,4,100.0,1
A3_criticality_4_to_3,criticality,4,3,A3,Vertical lift motor,3,55,4,4,42,quintile_stratified,39,142,172.98448712201755,Q5_longest_80_100pct,0.0,0.7333333333333334,0.0,5,0.0,5,60.0,3
A3_criticality_4_to_3,criticality,4,3,A4,AGV/shuttle drive unit,2,15,2,2,42,quintile_stratified,64,28,47.55027096178691,Q2_20_40pct,0.6195978323057048,0.4,24.783913292228192,2,61.95978323057047,2,40.0,5
A3_criticality_4_to_3,criticality,4,3,A5,Packing-station roller motor,3,35,3,2,42,quintile_stratified,74,126,94.81409660307276,Q3_40_60pct,0.24148722717541793,0.5333333333333333,12.879318782688957,3,24.148722717541794,3,60.0,3
A3_criticality_4_to_5,criticality,4,5,A1,Inbound conveyor motor,4,40,3,3,42,quintile_stratified,24,20,32.316305129135706,Q1_shortest_0_20pct,0.7414695589669144,0.6666666666666667,49.43130393112763,1,74.14695589669144,1,80.0,3
A3_criticality_4_to_5,criticality,4,5,A2,Sortation conveyor drive,5,80,5,4,42,quintile_stratified,47,135,121.81629897102604,Q4_60_80pct,0.025469608231791674,0.9333333333333333,2.377163434967223,4,2.5469608231791674,4,100.0,1
A3_criticality_4_to_5,criticality,4,5,A3,Vertical lift motor,5,55,4,4,42,quintile_stratified,39,142,172.98448712201755,Q5_longest_80_100pct,0.0,0.8666666666666667,0.0,5,0.0,5,100.0,1
A3_criticality_4_to_5,criticality,4,5,A4,AGV/shuttle drive unit,2,15,2,2,42,quintile_stratified,64,28,47.55027096178691,Q2_20_40pct,0.6195978323057048,0.4,24.783913292228192,2,61.95978323057047,2,40.0,5
A3_criticality_4_to_5,criticality,4,5,A5,Packing-station roller motor,3,35,3,2,42,quintile_stratified,74,126,94.81409660307276,Q3_40_60pct,0.24148722717541793,0.5333333333333333,12.879318782688957,3,24.148722717541794,3,60.0,4
A3_throughput_4_to_3,throughput,4,3,A1,Inbound conveyor motor,4,40,3,3,42,quintile_stratified,24,20,32.316305129135706,Q1_shortest_0_20pct,0.7414695589669144,0.6666666666666667,49.43130393112763,1,74.14695589669144,1,80.0,2
A3_throughput_4_to_3,throughput,4,3,A2,Sortation conveyor drive,5,80,5,4,42,quintile_stratified,47,135,121.81629897102604,Q4_60_80pct,0.025469608231791674,0.9333333333333333,2.377163434967223,4,2.5469608231791674,4,100.0,1
A3_throughput_4_to_3,throughput,4,3,A3,Vertical lift motor,4,55,3,4,42,quintile_stratified,39,142,172.98448712201755,Q5_longest_80_100pct,0.0,0.7333333333333334,0.0,5,0.0,5,80.0,2
A3_throughput_4_to_3,throughput,4,3,A4,AGV/shuttle drive unit,2,15,2,2,42,quintile_stratified,64,28,47.55027096178691,Q2_20_40pct,0.6195978323057048,0.4,24.783913292228192,2,61.95978323057047,2,40.0,5
A3_throughput_4_to_3,throughput,4,3,A5,Packing-station roller motor,3,35,3,2,42,quintile_stratified,74,126,94.81409660307276,Q3_40_60pct,0.24148722717541793,0.5333333333333333,12.879318782688957,3,24.148722717541794,3,60.0,4
A3_throughput_4_to_5,throughput,4,5,A1,Inbound conveyor motor,4,40,3,3,42,quintile_stratified,24,20,32.316305129135706,Q1_shortest_0_20pct,0.7414695589669144,0.6666666666666667,49.43130393112763,1,74.14695589669144,1,80.0,2
A3_throughput_4_to_5,throughput,4,5,A2,Sortation conveyor drive,5,80,5,4,42,quintile_stratified,47,135,121.81629897102604,Q4_60_80pct,0.025469608231791674,0.9333333333333333,2.377163434967223,4,2.5469608231791674,4,100.0,1
A3_throughput_4_to_5,throughput,4,5,A3,Vertical lift motor,4,55,5,4,42,quintile_stratified,39,142,172.98448712201755,Q5_longest_80_100pct,0.0,0.8666666666666667,0.0,5,0.0,5,80.0,2
A3_throughput_4_to_5,throughput,4,5,A4,AGV/shuttle drive unit,2,15,2,2,42,quintile_stratified,64,28,47.55027096178691,Q2_20_40pct,0.6195978323057048,0.4,24.783913292228192,2,61.95978323057047,2,40.0,5
A3_throughput_4_to_5,throughput,4,5,A5,Packing-station roller motor,3,35,3,2,42,quintile_stratified,74,126,94.81409660307276,Q3_40_60pct,0.24148722717541793,0.5333333333333333,12.879318782688957,3,24.148722717541794,3,60.0,4
A3_severity_4_to_3,severity,4,3,A1,Inbound conveyor motor,4,40,3,3,42,quintile_stratified,24,20,32.316305129135706,Q1_shortest_0_20pct,0.7414695589669144,0.6666666666666667,49.43130393112763,1,74.14695589669144,1,80.0,2
A3_severity_4_to_3,severity,4,3,A2,Sortation conveyor drive,5,80,5,4,42,quintile_stratified,47,135,121.81629897102604,Q4_60_80pct,0.025469608231791674,0.9333333333333333,2.377163434967223,4,2.5469608231791674,4,100.0,1
A3_severity_4_to_3,severity,4,3,A3,Vertical lift motor,4,55,4,3,42,quintile_stratified,39,142,172.98448712201755,Q5_longest_80_100pct,0.0,0.7333333333333334,0.0,5,0.0,5,80.0,2
A3_severity_4_to_3,severity,4,3,A4,AGV/shuttle drive unit,2,15,2,2,42,quintile_stratified,64,28,47.55027096178691,Q2_20_40pct,0.6195978323057048,0.4,24.783913292228192,2,61.95978323057047,2,40.0,5
A3_severity_4_to_3,severity,4,3,A5,Packing-station roller motor,3,35,3,2,42,quintile_stratified,74,126,94.81409660307276,Q3_40_60pct,0.24148722717541793,0.5333333333333333,12.879318782688957,3,24.148722717541794,3,60.0,4
A3_severity_4_to_5,severity,4,5,A1,Inbound conveyor motor,4,40,3,3,42,quintile_stratified,24,20,32.316305129135706,Q1_shortest_0_20pct,0.7414695589669144,0.6666666666666667,49.43130393112763,1,74.14695589669144,1,80.0,2
A3_severity_4_to_5,severity,4,5,A2,Sortation conveyor drive,5,80,5,4,42,quintile_stratified,47,135,121.81629897102604,Q4_60_80pct,0.025469608231791674,0.9333333333333333,2.377163434967223,4,2.5469608231791674,4,100.0,1
A3_severity_4_to_5,severity,4,5,A3,Vertical lift motor,4,55,4,5,42,quintile_stratified,39,142,172.98448712201755,Q5_longest_80_100pct,0.0,0.8666666666666667,0.0,5,0.0,5,80.0,2
A3_severity_4_to_5,severity,4,5,A4,AGV/shuttle drive unit,2,15,2,2,42,quintile_stratified,64,28,47.55027096178691,Q2_20_40pct,0.6195978323057048,0.4,24.783913292228192,2,61.95978323057047,2,40.0,5
A3_severity_4_to_5,severity,4,5,A5,Packing-station roller motor,3,35,3,2,42,quintile_stratified,74,126,94.81409660307276,Q3_40_60pct,0.24148722717541793,0.5333333333333333,12.879318782688957,3,24.148722717541794,3,60.0,4
A4_criticality_2_to_1,criticality,2,1,A1,Inbound conveyor motor,4,40,3,3,42,quintile_stratified,24,20,32.316305129135706,Q1_shortest_0_20pct,0.7414695589669144,0.6666666666666667,49.43130393112763,1,74.14695589669144,1,80.0,2
A4_criticality_2_to_1,criticality,2,1,A2,Sortation conveyor drive,5,80,5,4,42,quintile_stratified,47,135,121.81629897102604,Q4_60_80pct,0.025469608231791674,0.9333333333333333,2.377163434967223,4,2.5469608231791674,4,100.0,1
A4_criticality_2_to_1,criticality,2,1,A3,Vertical lift motor,4,55,4,4,42,quintile_stratified,39,142,172.98448712201755,Q5_longest_80_100pct,0.0,0.8,0.0,5,0.0,5,80.0,2
A4_criticality_2_to_1,criticality,2,1,A4,AGV/shuttle drive unit,1,15,2,2,42,quintile_stratified,64,28,47.55027096178691,Q2_20_40pct,0.6195978323057048,0.33333333333333337,20.653261076856825,2,61.95978323057047,2,20.0,5
A4_criticality_2_to_1,criticality,2,1,A5,Packing-station roller motor,3,35,3,2,42,quintile_stratified,74,126,94.81409660307276,Q3_40_60pct,0.24148722717541793,0.5333333333333333,12.879318782688957,3,24.148722717541794,3,60.0,4
A4_criticality_2_to_3,criticality,2,3,A1,Inbound conveyor motor,4,40,3,3,42,quintile_stratified,24,20,32.316305129135706,Q1_shortest_0_20pct,0.7414695589669144,0.6666666666666667,49.43130393112763,1,74.14695589669144,1,80.0,2
A4_criticality_2_to_3,criticality,2,3,A2,Sortation conveyor drive,5,80,5,4,42,quintile_stratified,47,135,121.81629897102604,Q4_60_80pct,0.025469608231791674,0.9333333333333333,2.377163434967223,4,2.5469608231791674,4,100.0,1
A4_criticality_2_to_3,criticality,2,3,A3,Vertical lift motor,4,55,4,4,42,quintile_stratified,39,142,172.98448712201755,Q5_longest_80_100pct,0.0,0.8,0.0,5,0.0,5,80.0,2
A4_criticality_2_to_3,criticality,2,3,A4,AGV/shuttle drive unit,3,15,2,2,42,quintile_stratified,64,28,47.55027096178691,Q2_20_40pct,0.6195978323057048,0.4666666666666667,28.914565507599555,2,61.95978323057047,2,60.0,4
A4_criticality_2_to_3,criticality,2,3,A5,Packing-station roller motor,3,35,3,2,42,quintile_stratified,74,126,94.81409660307276,Q3_40_60pct,0.24148722717541793,0.5333333333333333,12.879318782688957,3,24.148722717541794,3,60.0,4
A4_throughput_2_to_1,throughput,2,1,A1,Inbound conveyor motor,4,40,3,3,42,quintile_stratified,24,20,32.316305129135706,Q1_shortest_0_20pct,0.7414695589669144,0.6666666666666667,49.43130393112763,1,74.14695589669144,1,80.0,2
A4_throughput_2_to_1,throughput,2,1,A2,Sortation conveyor drive,5,80,5,4,42,quintile_stratified,47,135,121.81629897102604,Q4_60_80pct,0.025469608231791674,0.9333333333333333,2.377163434967223,4,2.5469608231791674,4,100.0,1
A4_throughput_2_to_1,throughput,2,1,A3,Vertical lift motor,4,55,4,4,42,quintile_stratified,39,142,172.98448712201755,Q5_longest_80_100pct,0.0,0.8,0.0,5,0.0,5,80.0,2
A4_throughput_2_to_1,throughput,2,1,A4,AGV/shuttle drive unit,2,15,1,2,42,quintile_stratified,64,28,47.55027096178691,Q2_20_40pct,0.6195978323057048,0.33333333333333337,20.653261076856825,2,61.95978323057047,2,40.0,5
A4_throughput_2_to_1,throughput,2,1,A5,Packing-station roller motor,3,35,3,2,42,quintile_stratified,74,126,94.81409660307276,Q3_40_60pct,0.24148722717541793,0.5333333333333333,12.879318782688957,3,24.148722717541794,3,60.0,4
A4_throughput_2_to_3,throughput,2,3,A1,Inbound conveyor motor,4,40,3,3,42,quintile_stratified,24,20,32.316305129135706,Q1_shortest_0_20pct,0.7414695589669144,0.6666666666666667,49.43130393112763,1,74.14695589669144,1,80.0,2
A4_throughput_2_to_3,throughput,2,3,A2,Sortation conveyor drive,5,80,5,4,42,quintile_stratified,47,135,121.81629897102604,Q4_60_80pct,0.025469608231791674,0.9333333333333333,2.377163434967223,4,2.5469608231791674,4,100.0,1
A4_throughput_2_to_3,throughput,2,3,A3,Vertical lift motor,4,55,4,4,42,quintile_stratified,39,142,172.98448712201755,Q5_longest_80_100pct,0.0,0.8,0.0,5,0.0,5,80.0,2
A4_throughput_2_to_3,throughput,2,3,A4,AGV/shuttle drive unit,2,15,3,2,42,quintile_stratified,64,28,47.55027096178691,Q2_20_40pct,0.6195978323057048,0.4666666666666667,28.914565507599555,2,61.95978323057047,2,40.0,5
A4_throughput_2_to_3,throughput,2,3,A5,Packing-station roller motor,3,35,3,2,42,quintile_stratified,74,126,94.81409660307276,Q3_40_60pct,0.24148722717541793,0.5333333333333333,12.879318782688957,3,24.148722717541794,3,60.0,4
A4_severity_2_to_1,severity,2,1,A1,Inbound conveyor motor,4,40,3,3,42,quintile_stratified,24,20,32.316305129135706,Q1_shortest_0_20pct,0.7414695589669144,0.6666666666666667,49.43130393112763,1,74.14695589669144,1,80.0,2
A4_severity_2_to_1,severity,2,1,A2,Sortation conveyor drive,5,80,5,4,42,quintile_stratified,47,135,121.81629897102604,Q4_60_80pct,0.025469608231791674,0.9333333333333333,2.377163434967223,4,2.5469608231791674,4,100.0,1
A4_severity_2_to_1,severity,2,1,A3,Vertical lift motor,4,55,4,4,42,quintile_stratified,39,142,172.98448712201755,Q5_longest_80_100pct,0.0,0.8,0.0,5,0.0,5,80.0,2
A4_severity_2_to_1,severity,2,1,A4,AGV/shuttle drive unit,2,15,2,1,42,quintile_stratified,64,28,47.55027096178691,Q2_20_40pct,0.6195978323057048,0.3333333333333333,20.653261076856822,2,61.95978323057047,2,40.0,5
A4_severity_2_to_1,severity,2,1,A5,Packing-station roller motor,3,35,3,2,42,quintile_stratified,74,126,94.81409660307276,Q3_40_60pct,0.24148722717541793,0.5333333333333333,12.879318782688957,3,24.148722717541794,3,60.0,4
A4_severity_2_to_3,severity,2,3,A1,Inbound conveyor motor,4,40,3,3,42,quintile_stratified,24,20,32.316305129135706,Q1_shortest_0_20pct,0.7414695589669144,0.6666666666666667,49.43130393112763,1,74.14695589669144,1,80.0,2
A4_severity_2_to_3,severity,2,3,A2,Sortation conveyor drive,5,80,5,4,42,quintile_stratified,47,135,121.81629897102604,Q4_60_80pct,0.025469608231791674,0.9333333333333333,2.377163434967223,4,2.5469608231791674,4,100.0,1
A4_severity_2_to_3,severity,2,3,A3,Vertical lift motor,4,55,4,4,42,quintile_stratified,39,142,172.98448712201755,Q5_longest_80_100pct,0.0,0.8,0.0,5,0.0,5,80.0,2
A4_severity_2_to_3,severity,2,3,A4,AGV/shuttle drive unit,2,15,2,3,42,quintile_stratified,64,28,47.55027096178691,Q2_20_40pct,0.6195978323057048,0.4666666666666667,28.914565507599555,2,61.95978323057047,2,40.0,5
A4_severity_2_to_3,severity,2,3,A5,Packing-station roller motor,3,35,3,2,42,quintile_stratified,74,126,94.81409660307276,Q3_40_60pct,0.24148722717541793,0.5333333333333333,12.879318782688957,3,24.148722717541794,3,60.0,4
A5_criticality_3_to_2,criticality,3,2,A1,Inbound conveyor motor,4,40,3,3,42,quintile_stratified,24,20,32.316305129135706,Q1_shortest_0_20pct,0.7414695589669144,0.6666666666666667,49.43130393112763,1,74.14695589669144,1,80.0,2
A5_criticality_3_to_2,criticality,3,2,A2,Sortation conveyor drive,5,80,5,4,42,quintile_stratified,47,135,121.81629897102604,Q4_60_80pct,0.025469608231791674,0.9333333333333333,2.377163434967223,4,2.5469608231791674,4,100.0,1
A5_criticality_3_to_2,criticality,3,2,A3,Vertical lift motor,4,55,4,4,42,quintile_stratified,39,142,172.98448712201755,Q5_longest_80_100pct,0.0,0.8,0.0,5,0.0,5,80.0,2
A5_criticality_3_to_2,criticality,3,2,A4,AGV/shuttle drive unit,2,15,2,2,42,quintile_stratified,64,28,47.55027096178691,Q2_20_40pct,0.6195978323057048,0.4,24.783913292228192,2,61.95978323057047,2,40.0,4
A5_criticality_3_to_2,criticality,3,2,A5,Packing-station roller motor,2,35,3,2,42,quintile_stratified,74,126,94.81409660307276,Q3_40_60pct,0.24148722717541793,0.4666666666666667,11.269403934852837,3,24.148722717541794,3,40.0,4
A5_criticality_3_to_4,criticality,3,4,A1,Inbound conveyor motor,4,40,3,3,42,quintile_stratified,24,20,32.316305129135706,Q1_shortest_0_20pct,0.7414695589669144,0.6666666666666667,49.43130393112763,1,74.14695589669144,1,80.0,2
A5_criticality_3_to_4,criticality,3,4,A2,Sortation conveyor drive,5,80,5,4,42,quintile_stratified,47,135,121.81629897102604,Q4_60_80pct,0.025469608231791674,0.9333333333333333,2.377163434967223,4,2.5469608231791674,4,100.0,1
A5_criticality_3_to_4,criticality,3,4,A3,Vertical lift motor,4,55,4,4,42,quintile_stratified,39,142,172.98448712201755,Q5_longest_80_100pct,0.0,0.8,0.0,5,0.0,5,80.0,2
A5_criticality_3_to_4,criticality,3,4,A4,AGV/shuttle drive unit,2,15,2,2,42,quintile_stratified,64,28,47.55027096178691,Q2_20_40pct,0.6195978323057048,0.4,24.783913292228192,2,61.95978323057047,2,40.0,5
A5_criticality_3_to_4,criticality,3,4,A5,Packing-station roller motor,4,35,3,2,42,quintile_stratified,74,126,94.81409660307276,Q3_40_60pct,0.24148722717541793,0.6,14.489233630525076,3,24.148722717541794,3,80.0,2
A5_throughput_3_to_2,throughput,3,2,A1,Inbound conveyor motor,4,40,3,3,42,quintile_stratified,24,20,32.316305129135706,Q1_shortest_0_20pct,0.7414695589669144,0.6666666666666667,49.43130393112763,1,74.14695589669144,1,80.0,2
A5_throughput_3_to_2,throughput,3,2,A2,Sortation conveyor drive,5,80,5,4,42,quintile_stratified,47,135,121.81629897102604,Q4_60_80pct,0.025469608231791674,0.9333333333333333,2.377163434967223,4,2.5469608231791674,4,100.0,1
A5_throughput_3_to_2,throughput,3,2,A3,Vertical lift motor,4,55,4,4,42,quintile_stratified,39,142,172.98448712201755,Q5_longest_80_100pct,0.0,0.8,0.0,5,0.0,5,80.0,2
A5_throughput_3_to_2,throughput,3,2,A4,AGV/shuttle drive unit,2,15,2,2,42,quintile_stratified,64,28,47.55027096178691,Q2_20_40pct,0.6195978323057048,0.4,24.783913292228192,2,61.95978323057047,2,40.0,5
A5_throughput_3_to_2,throughput,3,2,A5,Packing-station roller motor,3,35,2,2,42,quintile_stratified,74,126,94.81409660307276,Q3_40_60pct,0.24148722717541793,0.4666666666666667,11.269403934852837,3,24.148722717541794,3,60.0,4
A5_throughput_3_to_4,throughput,3,4,A1,Inbound conveyor motor,4,40,3,3,42,quintile_stratified,24,20,32.316305129135706,Q1_shortest_0_20pct,0.7414695589669144,0.6666666666666667,49.43130393112763,1,74.14695589669144,1,80.0,2
A5_throughput_3_to_4,throughput,3,4,A2,Sortation conveyor drive,5,80,5,4,42,quintile_stratified,47,135,121.81629897102604,Q4_60_80pct,0.025469608231791674,0.9333333333333333,2.377163434967223,4,2.5469608231791674,4,100.0,1
A5_throughput_3_to_4,throughput,3,4,A3,Vertical lift motor,4,55,4,4,42,quintile_stratified,39,142,172.98448712201755,Q5_longest_80_100pct,0.0,0.8,0.0,5,0.0,5,80.0,2
A5_throughput_3_to_4,throughput,3,4,A4,AGV/shuttle drive unit,2,15,2,2,42,quintile_stratified,64,28,47.55027096178691,Q2_20_40pct,0.6195978323057048,0.4,24.783913292228192,2,61.95978323057047,2,40.0,5
A5_throughput_3_to_4,throughput,3,4,A5,Packing-station roller motor,3,35,4,2,42,quintile_stratified,74,126,94.81409660307276,Q3_40_60pct,0.24148722717541793,0.6,14.489233630525076,3,24.148722717541794,3,60.0,4
A5_severity_2_to_1,severity,2,1,A1,Inbound conveyor motor,4,40,3,3,42,quintile_stratified,24,20,32.316305129135706,Q1_shortest_0_20pct,0.7414695589669144,0.6666666666666667,49.43130393112763,1,74.14695589669144,1,80.0,2
A5_severity_2_to_1,severity,2,1,A2,Sortation conveyor drive,5,80,5,4,42,quintile_stratified,47,135,121.81629897102604,Q4_60_80pct,0.025469608231791674,0.9333333333333333,2.377163434967223,4,2.5469608231791674,4,100.0,1
A5_severity_2_to_1,severity,2,1,A3,Vertical lift motor,4,55,4,4,42,quintile_stratified,39,142,172.98448712201755,Q5_longest_80_100pct,0.0,0.8,0.0,5,0.0,5,80.0,2
A5_severity_2_to_1,severity,2,1,A4,AGV/shuttle drive unit,2,15,2,2,42,quintile_stratified,64,28,47.55027096178691,Q2_20_40pct,0.6195978323057048,0.4,24.783913292228192,2,61.95978323057047,2,40.0,5
A5_severity_2_to_1,severity,2,1,A5,Packing-station roller motor,3,35,3,1,42,quintile_stratified,74,126,94.81409660307276,Q3_40_60pct,0.24148722717541793,0.4666666666666667,11.269403934852837,3,24.148722717541794,3,60.0,4
A5_severity_2_to_3,severity,2,3,A1,Inbound conveyor motor,4,40,3,3,42,quintile_stratified,24,20,32.316305129135706,Q1_shortest_0_20pct,0.7414695589669144,0.6666666666666667,49.43130393112763,1,74.14695589669144,1,80.0,2
A5_severity_2_to_3,severity,2,3,A2,Sortation conveyor drive,5,80,5,4,42,quintile_stratified,47,135,121.81629897102604,Q4_60_80pct,0.025469608231791674,0.9333333333333333,2.377163434967223,4,2.5469608231791674,4,100.0,1
A5_severity_2_to_3,severity,2,3,A3,Vertical lift motor,4,55,4,4,42,quintile_stratified,39,142,172.98448712201755,Q5_longest_80_100pct,0.0,0.8,0.0,5,0.0,5,80.0,2
A5_severity_2_to_3,severity,2,3,A4,AGV/shuttle drive unit,2,15,2,2,42,quintile_stratified,64,28,47.55027096178691,Q2_20_40pct,0.6195978323057048,0.4,24.783913292228192,2,61.95978323057047,2,40.0,5
A5_severity_2_to_3,severity,2,3,A5,Packing-station roller motor,3,35,3,3,42,quintile_stratified,74,126,94.81409660307276,Q3_40_60pct,0.24148722717541793,0.6000000000000001,14.489233630525078,3,24.148722717541794,3,60.0,4
