spearman_rho,kendall_tau,exact_rank_agreement,top_rank_agreement,reference_top,comparison_top,repetition,assignment_seed,assignment_design,baseline
0.9999999999999999,1.0,1,1,A1,A1,1,42,quintile_stratified,rul_only
0.9999999999999999,1.0,1,1,A3,A3,2,43,quintile_stratified,rul_only
0.8999999999999998,0.8,0,1,A2,A2,3,44,quintile_stratified,rul_only
0.8947368421052632,0.7777777777777778,0,0,A5,A4,4,45,quintile_stratified,rul_only
0.9999999999999999,1.0,1,1,A3,A3,5,46,quintile_stratified,rul_only
1.0,1.0,1,1,A3,A3,6,47,quintile_stratified,rul_only
0.7,0.6,0,0,A2,A4,7,48,quintile_stratified,rul_only
0.7999999999999999,0.6,0,0,A2,A5,8,49,quintile_stratified,rul_only
1.0,1.0,1,1,A4,A4,9,50,quintile_stratified,rul_only
0.9999999999999999,1.0,1,1,A3,A3,10,51,quintile_stratified,rul_only
0.9999999999999999,1.0,1,1,A1,A1,11,52,quintile_stratified,rul_only
0.9999999999999999,1.0,1,1,A5,A5,12,53,quintile_stratified,rul_only
0.8947368421052632,0.7777777777777778,0,0,A2,A4,13,54,quintile_stratified,rul_only
0.8947368421052632,0.7777777777777778,0,0,A1,A4,14,55,quintile_stratified,rul_only
0.9999999999999999,1.0,1,1,A1,A1,15,56,quintile_stratified,rul_only
1.0,1.0,1,1,A3,A3,16,57,quintile_stratified,rul_only
1.0,1.0,1,1,A2,A2,17,58,quintile_stratified,rul_only
1.0,1.0,1,1,A1,A1,18,59,quintile_stratified,rul_only
0.9999999999999999,1.0,1,1,A3,A3,19,60,quintile_stratified,rul_only
0.8947368421052632,0.7777777777777778,0,1,A5,A5,20,61,quintile_stratified,rul_only
0.9999999999999999,1.0,1,1,A3,A3,21,62,quintile_stratified,rul_only
0.8947368421052632,0.7777777777777778,0,0,A3,A5,22,63,quintile_stratified,rul_only
0.8947368421052632,0.7777777777777778,0,0,A3,A5,23,64,quintile_stratified,rul_only
1.0,1.0,1,1,A3,A3,24,65,quintile_stratified,rul_only
0.8999999999999998,0.8,0,0,A2,A1,25,66,quintile_stratified,rul_only
0.9999999999999999,1.0,1,1,A2,A2,26,67,quintile_stratified,rul_only
1.0,1.0,1,1,A3,A3,27,68,quintile_stratified,rul_only
1.0,1.0,1,1,A1,A1,28,69,quintile_stratified,rul_only
0.9999999999999999,1.0,1,1,A2,A2,29,70,quintile_stratified,rul_only
0.8947368421052632,0.7777777777777778,0,1,A3,A3,30,71,quintile_stratified,rul_only
0.8999999999999998,0.8,0,0,A2,A5,31,72,quintile_stratified,rul_only
0.7,0.6,0,0,A3,A4,32,73,quintile_stratified,rul_only
1.0,1.0,1,1,A1,A1,33,74,quintile_stratified,rul_only
0.8999999999999998,0.8,0,1,A3,A3,34,75,quintile_stratified,rul_only
0.8947368421052632,0.7777777777777778,0,0,A2,A1,35,76,quintile_stratified,rul_only
0.8999999999999998,0.8,0,0,A1,A5,36,77,quintile_stratified,rul_only
1.0,1.0,1,1,A1,A1,37,78,quintile_stratified,rul_only
0.7999999999999999,0.6,0,0,A1,A4,38,79,quintile_stratified,rul_only
0.8999999999999998,0.8,0,1,A2,A2,39,80,quintile_stratified,rul_only
0.8947368421052632,0.7777777777777778,0,0,A1,A4,40,81,quintile_stratified,rul_only
1.0,1.0,1,1,A5,A5,41,82,quintile_stratified,rul_only
0.8999999999999998,0.8,0,0,A2,A5,42,83,quintile_stratified,rul_only
0.8947368421052632,0.7777777777777778,0,1,A1,A1,43,84,quintile_stratified,rul_only
0.8947368421052632,0.7777777777777778,0,1,A1,A1,44,85,quintile_stratified,rul_only
0.8999999999999998,0.8,0,0,A3,A5,45,86,quintile_stratified,rul_only
1.0,1.0,1,1,A1,A1,46,87,quintile_stratified,rul_only
0.9999999999999999,1.0,1,1,A3,A3,47,88,quintile_stratified,rul_only
0.8947368421052632,0.7777777777777778,0,1,A1,A1,48,89,quintile_stratified,rul_only
0.9999999999999999,1.0,1,1,A5,A5,49,90,quintile_stratified,rul_only
0.8947368421052632,0.7777777777777778,0,0,A1,A4,50,91,quintile_stratified,rul_only
0.8999999999999998,0.8,0,0,A2,A1,51,92,quintile_stratified,rul_only
0.6842105263157895,0.5555555555555556,0,0,A2,A4,52,93,quintile_stratified,rul_only
0.8947368421052632,0.7777777777777778,0,0,A2,A4,53,94,quintile_stratified,rul_only
1.0,1.0,1,1,A1,A1,54,95,quintile_stratified,rul_only
0.9999999999999999,1.0,1,1,A1,A1,55,96,quintile_stratified,rul_only
0.9999999999999999,1.0,1,1,A3,A3,56,97,quintile_stratified,rul_only
0.8947368421052632,0.7777777777777778,0,0,A3,A5,57,98,quintile_stratified,rul_only
0.8999999999999998,0.8,0,1,A1,A1,58,99,quintile_stratified,rul_only
0.8999999999999998,0.8,0,0,A3,A5,59,100,quintile_stratified,rul_only
0.9999999999999999,1.0,1,1,A3,A3,60,101,quintile_stratified,rul_only
0.9999999999999999,1.0,1,1,A4,A4,61,102,quintile_stratified,rul_only
1.0,1.0,1,1,A3,A3,62,103,quintile_stratified,rul_only
0.8999999999999998,0.8,0,0,A1,A4,63,104,quintile_stratified,rul_only
0.8947368421052632,0.7777777777777778,0,0,A2,A4,64,105,quintile_stratified,rul_only
0.9999999999999999,1.0,1,1,A4,A4,65,106,quintile_stratified,rul_only
1.0,1.0,1,1,A5,A5,66,107,quintile_stratified,rul_only
0.8947368421052632,0.7777777777777778,0,0,A3,A5,67,108,quintile_stratified,rul_only
0.8947368421052632,0.7777777777777778,0,0,A2,A1,68,109,quintile_stratified,rul_only
1.0,1.0,1,1,A1,A1,69,110,quintile_stratified,rul_only
0.9999999999999999,1.0,1,1,A3,A3,70,111,quintile_stratified,rul_only
1.0,1.0,1,1,A3,A3,71,112,quintile_stratified,rul_only
0.8999999999999998,0.8,0,0,A3,A5,72,113,quintile_stratified,rul_only
0.9999999999999999,1.0,1,1,A3,A3,73,114,quintile_stratified,rul_only
1.0,1.0,1,1,A5,A5,74,115,quintile_stratified,rul_only
1.0,1.0,1,1,A2,A2,75,116,quintile_stratified,rul_only
0.9999999999999999,1.0,1,1,A1,A1,76,117,quintile_stratified,rul_only
0.8947368421052632,0.7777777777777778,0,0,A3,A5,77,118,quintile_stratified,rul_only
0.9999999999999999,1.0,1,1,A1,A1,78,119,quintile_stratified,rul_only
0.8999999999999998,0.8,0,1,A3,A3,79,120,quintile_stratified,rul_only
0.9999999999999999,1.0,1,1,A3,A3,80,121,quintile_stratified,rul_only
0.8999999999999998,0.8,0,0,A5,A4,81,122,quintile_stratified,rul_only
0.8999999999999998,0.8,0,1,A3,A3,82,123,quintile_stratified,rul_only
1.0,1.0,1,1,A3,A3,83,124,quintile_stratified,rul_only
1.0,1.0,1,1,A2,A2,84,125,quintile_stratified,rul_only
1.0,1.0,1,1,A5,A5,85,126,quintile_stratified,rul_only
0.8947368421052632,0.7777777777777778,0,1,A3,A3,86,127,quintile_stratified,rul_only
1.0,1.0,1,1,A3,A3,87,128,quintile_stratified,rul_only
1.0,1.0,1,1,A5,A5,88,129,quintile_stratified,rul_only
0.9999999999999999,1.0,1,1,A5,A5,89,130,quintile_stratified,rul_only
1.0,1.0,1,1,A1,A1,90,131,quintile_stratified,rul_only
0.8947368421052632,0.7777777777777778,0,0,A2,A5,91,132,quintile_stratified,rul_only
0.8947368421052632,0.7777777777777778,0,0,A3,A4,92,133,quintile_stratified,rul_only
0.8947368421052632,0.7777777777777778,0,0,A2,A5,93,134,quintile_stratified,rul_only
0.9999999999999999,1.0,1,1,A2,A2,94,135,quintile_stratified,rul_only
0.6,0.4,0,0,A3,A4,95,136,quintile_stratified,rul_only
0.9999999999999999,1.0,1,1,A1,A1,96,137,quintile_stratified,rul_only
1.0,1.0,1,1,A1,A1,97,138,quintile_stratified,rul_only
0.9999999999999999,1.0,1,1,A2,A2,98,139,quintile_stratified,rul_only
1.0,1.0,1,1,A1,A1,99,140,quintile_stratified,rul_only
0.8947368421052632,0.7777777777777778,0,1,A1,A1,100,141,quintile_stratified,rul_only
0.8999999999999998,0.8,0,0,A2,A5,101,142,quintile_stratified,rul_only
1.0,1.0,1,1,A2,A2,102,143,quintile_stratified,rul_only
0.7999999999999999,0.6,0,0,A2,A4,103,144,quintile_stratified,rul_only
0.9999999999999999,1.0,1,1,A5,A5,104,145,quintile_stratified,rul_only
0.8999999999999998,0.8,0,0,A1,A5,105,146,quintile_stratified,rul_only
1.0,1.0,1,1,A1,A1,106,147,quintile_stratified,rul_only
0.8947368421052632,0.7777777777777778,0,0,A2,A5,107,148,quintile_stratified,rul_only
0.8999999999999998,0.8,0,0,A2,A1,108,149,quintile_stratified,rul_only
1.0,1.0,1,1,A4,A4,109,150,quintile_stratified,rul_only
0.8999999999999998,0.8,0,1,A1,A1,110,151,quintile_stratified,rul_only
0.9999999999999999,1.0,1,1,A2,A2,111,152,quintile_stratified,rul_only
0.6842105263157895,0.5555555555555556,0,0,A1,A4,112,153,quintile_stratified,rul_only
0.8999999999999998,0.8,0,0,A5,A4,113,154,quintile_stratified,rul_only
1.0,1.0,1,1,A1,A1,114,155,quintile_stratified,rul_only
0.9999999999999999,1.0,1,1,A4,A4,115,156,quintile_stratified,rul_only
0.8947368421052632,0.7777777777777778,0,0,A2,A4,116,157,quintile_stratified,rul_only
1.0,1.0,1,1,A3,A3,117,158,quintile_stratified,rul_only
0.7999999999999999,0.6,0,0,A3,A4,118,159,quintile_stratified,rul_only
0.8999999999999998,0.8,0,0,A5,A4,119,160,quintile_stratified,rul_only
0.8999999999999998,0.8,0,1,A3,A3,120,161,quintile_stratified,rul_only
0.8947368421052632,0.7777777777777778,0,0,A2,A5,121,162,quintile_stratified,rul_only
0.9999999999999999,1.0,1,1,A2,A2,122,163,quintile_stratified,rul_only
0.8999999999999998,0.8,0,0,A1,A4,123,164,quintile_stratified,rul_only
0.7999999999999999,0.6,0,0,A3,A5,124,165,quintile_stratified,rul_only
0.9999999999999999,1.0,1,1,A3,A3,125,166,quintile_stratified,rul_only
1.0,1.0,1,1,A2,A2,126,167,quintile_stratified,rul_only
0.8999999999999998,0.8,0,0,A2,A4,127,168,quintile_stratified,rul_only
0.8947368421052632,0.7777777777777778,0,0,A2,A5,128,169,quintile_stratified,rul_only
0.8947368421052632,0.7777777777777778,0,0,A2,A5,129,170,quintile_stratified,rul_only
1.0,1.0,1,1,A4,A4,130,171,quintile_stratified,rul_only
1.0,1.0,1,1,A5,A5,131,172,quintile_stratified,rul_only
1.0,1.0,1,1,A3,A3,132,173,quintile_stratified,rul_only
0.8947368421052632,0.7777777777777778,0,1,A1,A1,133,174,quintile_stratified,rul_only
1.0,1.0,1,1,A2,A2,134,175,quintile_stratified,rul_only
0.9999999999999999,1.0,1,1,A2,A2,135,176,quintile_stratified,rul_only
0.9999999999999999,1.0,1,1,A3,A3,136,177,quintile_stratified,rul_only
0.9999999999999999,1.0,1,1,A4,A4,137,178,quintile_stratified,rul_only
0.8947368421052632,0.7777777777777778,0,0,A3,A5,138,179,quintile_stratified,rul_only
0.8999999999999998,0.8,0,0,A3,A5,139,180,quintile_stratified,rul_only
0.9999999999999999,1.0,1,1,A4,A4,140,181,quintile_stratified,rul_only
0.8999999999999998,0.8,0,1,A5,A5,141,182,quintile_stratified,rul_only
0.8947368421052632,0.7777777777777778,0,0,A1,A4,142,183,quintile_stratified,rul_only
0.8999999999999998,0.8,0,1,A1,A1,143,184,quintile_stratified,rul_only
1.0,1.0,1,1,A2,A2,144,185,quintile_stratified,rul_only
1.0,1.0,1,1,A2,A2,145,186,quintile_stratified,rul_only
0.8999999999999998,0.8,0,1,A5,A5,146,187,quintile_stratified,rul_only
0.9999999999999999,1.0,1,1,A1,A1,147,188,quintile_stratified,rul_only
0.9999999999999999,1.0,1,1,A4,A4,148,189,quintile_stratified,rul_only
0.8999999999999998,0.8,0,0,A3,A5,149,190,quintile_stratified,rul_only
1.0,1.0,1,1,A3,A3,150,191,quintile_stratified,rul_only
1.0,1.0,1,1,A5,A5,151,192,quintile_stratified,rul_only
0.9999999999999999,1.0,1,1,A2,A2,152,193,quintile_stratified,rul_only
1.0,1.0,1,1,A1,A1,153,194,quintile_stratified,rul_only
0.8999999999999998,0.8,0,1,A1,A1,154,195,quintile_stratified,rul_only
0.8999999999999998,0.8,0,0,A3,A5,155,196,quintile_stratified,rul_only
1.0,1.0,1,1,A3,A3,156,197,quintile_stratified,rul_only
0.8947368421052632,0.7777777777777778,0,1,A5,A5,157,198,quintile_stratified,rul_only
1.0,1.0,1,1,A3,A3,158,199,quintile_stratified,rul_only
0.9999999999999999,1.0,1,1,A3,A3,159,200,quintile_stratified,rul_only
1.0,1.0,1,1,A2,A2,160,201,quintile_stratified,rul_only
0.9999999999999999,1.0,1,1,A1,A1,161,202,quintile_stratified,rul_only
0.9999999999999999,1.0,1,1,A2,A2,162,203,quintile_stratified,rul_only
0.8947368421052632,0.7777777777777778,0,0,A1,A4,163,204,quintile_stratified,rul_only
1.0,1.0,1,1,A1,A1,164,205,quintile_stratified,rul_only
0.8999999999999998,0.8,0,0,A2,A5,165,206,quintile_stratified,rul_only
0.8947368421052632,0.7777777777777778,0,0,A2,A4,166,207,quintile_stratified,rul_only
0.9999999999999999,1.0,1,1,A1,A1,167,208,quintile_stratified,rul_only
0.8999999999999998,0.8,0,1,A2,A2,168,209,quintile_stratified,rul_only
0.8999999999999998,0.8,0,0,A3,A4,169,210,quintile_stratified,rul_only
0.9999999999999999,1.0,1,1,A2,A2,170,211,quintile_stratified,rul_only
0.9999999999999999,1.0,1,1,A3,A3,171,212,quintile_stratified,rul_only
0.8999999999999998,0.8,0,1,A1,A1,172,213,quintile_stratified,rul_only
0.9999999999999999,1.0,1,1,A4,A4,173,214,quintile_stratified,rul_only
0.7999999999999999,0.6,0,0,A3,A1,174,215,quintile_stratified,rul_only
0.8999999999999998,0.8,0,0,A1,A5,175,216,quintile_stratified,rul_only
0.8999999999999998,0.8,0,0,A2,A4,176,217,quintile_stratified,rul_only
0.8999999999999998,0.8,0,0,A1,A4,177,218,quintile_stratified,rul_only
0.9999999999999999,1.0,1,1,A1,A1,178,219,quintile_stratified,rul_only
0.9999999999999999,1.0,1,1,A1,A1,179,220,quintile_stratified,rul_only
0.8999999999999998,0.8,0,1,A1,A1,180,221,quintile_stratified,rul_only
0.9999999999999999,1.0,1,1,A5,A5,181,222,quintile_stratified,rul_only
0.9999999999999999,1.0,1,1,A5,A5,182,223,quintile_stratified,rul_only
0.9999999999999999,1.0,1,1,A2,A2,183,224,quintile_stratified,rul_only
0.9999999999999999,1.0,1,1,A1,A1,184,225,quintile_stratified,rul_only
0.9999999999999999,1.0,1,1,A2,A2,185,226,quintile_stratified,rul_only
1.0,1.0,1,1,A2,A2,186,227,quintile_stratified,rul_only
1.0,1.0,1,1,A3,A3,187,228,quintile_stratified,rul_only
1.0,1.0,1,1,A3,A3,188,229,quintile_stratified,rul_only
1.0,1.0,1,1,A5,A5,189,230,quintile_stratified,rul_only
1.0,1.0,1,1,A3,A3,190,231,quintile_stratified,rul_only
0.8999999999999998,0.8,0,0,A3,A4,191,232,quintile_stratified,rul_only
0.9999999999999999,1.0,1,1,A2,A2,192,233,quintile_stratified,rul_only
1.0,1.0,1,1,A2,A2,193,234,quintile_stratified,rul_only
0.9999999999999999,1.0,1,1,A2,A2,194,235,quintile_stratified,rul_only
0.8999999999999998,0.8,0,0,A1,A4,195,236,quintile_stratified,rul_only
0.9999999999999999,1.0,1,1,A4,A4,196,237,quintile_stratified,rul_only
1.0,1.0,1,1,A5,A5,197,238,quintile_stratified,rul_only
1.0,1.0,1,1,A1,A1,198,239,quintile_stratified,rul_only
0.9999999999999999,1.0,1,1,A3,A3,199,240,quintile_stratified,rul_only
0.8999999999999998,0.8,0,1,A3,A3,200,241,quintile_stratified,rul_only
1.0,1.0,1,1,A1,A1,201,242,quintile_stratified,rul_only
1.0,1.0,1,1,A3,A3,202,243,quintile_stratified,rul_only
0.8999999999999998,0.8,0,0,A3,A5,203,244,quintile_stratified,rul_only
1.0,1.0,1,1,A1,A1,204,245,quintile_stratified,rul_only
0.8999999999999998,0.8,0,0,A3,A4,205,246,quintile_stratified,rul_only
0.7999999999999999,0.6,0,0,A3,A5,206,247,quintile_stratified,rul_only
0.9999999999999999,1.0,1,1,A3,A3,207,248,quintile_stratified,rul_only
0.8947368421052632,0.7777777777777778,0,1,A1,A1,208,249,quintile_stratified,rul_only
0.9999999999999999,1.0,1,1,A2,A2,209,250,quintile_stratified,rul_only
0.8947368421052632,0.7777777777777778,0,0,A3,A1,210,251,quintile_stratified,rul_only
0.8947368421052632,0.7777777777777778,0,0,A2,A1,211,252,quintile_stratified,rul_only
0.8947368421052632,0.7777777777777778,0,0,A3,A4,212,253,quintile_stratified,rul_only
1.0,1.0,1,1,A5,A5,213,254,quintile_stratified,rul_only
1.0,1.0,1,1,A2,A2,214,255,quintile_stratified,rul_only
1.0,1.0,1,1,A1,A1,215,256,quintile_stratified,rul_only
0.8947368421052632,0.7777777777777778,0,0,A3,A4,216,257,quintile_stratified,rul_only
1.0,1.0,1,1,A1,A1,217,258,quintile_stratified,rul_only
1.0,1.0,1,1,A1,A1,218,259,quintile_stratified,rul_only
0.8999999999999998,0.8,0,0,A2,A5,219,260,quintile_stratified,rul_only
0.9999999999999999,1.0,1,1,A2,A2,220,261,quintile_stratified,rul_only
0.8999999999999998,0.8,0,0,A3,A4,221,262,quintile_stratified,rul_only
0.9999999999999999,1.0,1,1,A3,A3,222,263,quintile_stratified,rul_only
1.0,1.0,1,1,A1,A1,223,264,quintile_stratified,rul_only
0.9999999999999999,1.0,1,1,A3,A3,224,265,quintile_stratified,rul_only
1.0,1.0,1,1,A4,A4,225,266,quintile_stratified,rul_only
0.8999999999999998,0.8,0,1,A1,A1,226,267,quintile_stratified,rul_only
0.8947368421052632,0.7777777777777778,0,0,A2,A4,227,268,quintile_stratified,rul_only
0.9999999999999999,1.0,1,1,A3,A3,228,269,quintile_stratified,rul_only
0.8947368421052632,0.7777777777777778,0,1,A2,A2,229,270,quintile_stratified,rul_only
1.0,1.0,1,1,A1,A1,230,271,quintile_stratified,rul_only
0.9999999999999999,1.0,1,1,A2,A2,231,272,quintile_stratified,rul_only
1.0,1.0,1,1,A4,A4,232,273,quintile_stratified,rul_only
1.0,1.0,1,1,A2,A2,233,274,quintile_stratified,rul_only
0.8947368421052632,0.7777777777777778,0,1,A5,A5,234,275,quintile_stratified,rul_only
0.9999999999999999,1.0,1,1,A2,A2,235,276,quintile_stratified,rul_only
0.8947368421052632,0.7777777777777778,0,0,A2,A1,236,277,quintile_stratified,rul_only
0.8999999999999998,0.8,0,0,A2,A4,237,278,quintile_stratified,rul_only
1.0,1.0,1,1,A1,A1,238,279,quintile_stratified,rul_only
0.9999999999999999,1.0,1,1,A4,A4,239,280,quintile_stratified,rul_only
0.8947368421052632,0.7777777777777778,0,1,A5,A5,240,281,quintile_stratified,rul_only
0.9999999999999999,1.0,1,1,A2,A2,241,282,quintile_stratified,rul_only
0.9999999999999999,1.0,1,1,A5,A5,242,283,quintile_stratified,rul_only
0.8999999999999998,0.8,0,0,A2,A1,243,284,quintile_stratified,rul_only
1.0,1.0,1,1,A1,A1,244,285,quintile_stratified,rul_only
1.0,1.0,1,1,A2,A2,245,286,quintile_stratified,rul_only
0.9999999999999999,1.0,1,1,A4,A4,246,287,quintile_stratified,rul_only
0.8999999999999998,0.8,0,1,A1,A1,247,288,quintile_stratified,rul_only
0.9999999999999999,1.0,1,1,A3,A3,248,289,quintile_stratified,rul_only
0.8999999999999998,0.8,0,0,A2,A5,249,290,quintile_stratified,rul_only
1.0,1.0,1,1,A2,A2,250,291,quintile_stratified,rul_only
0.9999999999999999,1.0,1,1,A5,A5,251,292,quintile_stratified,rul_only
1.0,1.0,1,1,A3,A3,252,293,quintile_stratified,rul_only
0.8947368421052632,0.7777777777777778,0,0,A2,A4,253,294,quintile_stratified,rul_only
0.9999999999999999,1.0,1,1,A5,A5,254,295,quintile_stratified,rul_only
1.0,1.0,1,1,A3,A3,255,296,quintile_stratified,rul_only
0.8999999999999998,0.8,0,0,A1,A4,256,297,quintile_stratified,rul_only
1.0,1.0,1,1,A2,A2,257,298,quintile_stratified,rul_only
0.8999999999999998,0.8,0,0,A2,A5,258,299,quintile_stratified,rul_only
0.9999999999999999,1.0,1,1,A2,A2,259,300,quintile_stratified,rul_only
0.8947368421052632,0.7777777777777778,0,1,A2,A2,260,301,quintile_stratified,rul_only
0.7999999999999999,0.6,0,0,A3,A5,261,302,quintile_stratified,rul_only
0.8999999999999998,0.8,0,0,A2,A5,262,303,quintile_stratified,rul_only
0.8947368421052632,0.7777777777777778,0,0,A3,A5,263,304,quintile_stratified,rul_only
0.9999999999999999,1.0,1,1,A3,A3,264,305,quintile_stratified,rul_only
0.8999999999999998,0.8,0,0,A1,A4,265,306,quintile_stratified,rul_only
0.9999999999999999,1.0,1,1,A2,A2,266,307,quintile_stratified,rul_only
1.0,1.0,1,1,A3,A3,267,308,quintile_stratified,rul_only
0.9999999999999999,1.0,1,1,A2,A2,268,309,quintile_stratified,rul_only
1.0,1.0,1,1,A3,A3,269,310,quintile_stratified,rul_only
0.8999999999999998,0.8,0,1,A5,A5,270,311,quintile_stratified,rul_only
0.8999999999999998,0.8,0,1,A2,A2,271,312,quintile_stratified,rul_only
0.8947368421052632,0.7777777777777778,0,0,A3,A4,272,313,quintile_stratified,rul_only
0.9999999999999999,1.0,1,1,A2,A2,273,314,quintile_stratified,rul_only
1.0,1.0,1,1,A2,A2,274,315,quintile_stratified,rul_only
0.7999999999999999,0.6,0,0,A3,A5,275,316,quintile_stratified,rul_only
1.0,1.0,1,1,A3,A3,276,317,quintile_stratified,rul_only
1.0,1.0,1,1,A1,A1,277,318,quintile_stratified,rul_only
0.8947368421052632,0.7777777777777778,0,1,A1,A1,278,319,quintile_stratified,rul_only
0.8999999999999998,0.8,0,0,A3,A4,279,320,quintile_stratified,rul_only
1.0,1.0,1,1,A4,A4,280,321,quintile_stratified,rul_only
0.8947368421052632,0.7777777777777778,0,0,A2,A4,281,322,quintile_stratified,rul_only
1.0,1.0,1,1,A2,A2,282,323,quintile_stratified,rul_only
0.8947368421052632,0.7777777777777778,0,0,A2,A1,283,324,quintile_stratified,rul_only
0.9999999999999999,1.0,1,1,A2,A2,284,325,quintile_stratified,rul_only
0.8947368421052632,0.7777777777777778,0,0,A1,A4,285,326,quintile_stratified,rul_only
1.0,1.0,1,1,A3,A3,286,327,quintile_stratified,rul_only
0.9999999999999999,1.0,1,1,A3,A3,287,328,quintile_stratified,rul_only
0.8999999999999998,0.8,0,1,A3,A3,288,329,quintile_stratified,rul_only
1.0,1.0,1,1,A3,A3,289,330,quintile_stratified,rul_only
0.8999999999999998,0.8,0,0,A3,A4,290,331,quintile_stratified,rul_only
1.0,1.0,1,1,A1,A1,291,332,quintile_stratified,rul_only
0.8947368421052632,0.7777777777777778,0,0,A3,A5,292,333,quintile_stratified,rul_only
0.8999999999999998,0.8,0,1,A5,A5,293,334,quintile_stratified,rul_only
1.0,1.0,1,1,A3,A3,294,335,quintile_stratified,rul_only
0.9999999999999999,1.0,1,1,A2,A2,295,336,quintile_stratified,rul_only
0.9999999999999999,1.0,1,1,A3,A3,296,337,quintile_stratified,rul_only
0.8947368421052632,0.7777777777777778,0,0,A1,A4,297,338,quintile_stratified,rul_only
0.8947368421052632,0.7777777777777778,0,0,A3,A5,298,339,quintile_stratified,rul_only
0.8999999999999998,0.8,0,0,A2,A4,299,340,quintile_stratified,rul_only
1.0,1.0,1,1,A3,A3,300,341,quintile_stratified,rul_only
1.0,1.0,1,1,A3,A3,301,342,quintile_stratified,rul_only
0.7999999999999999,0.6,0,0,A2,A4,302,343,quintile_stratified,rul_only
0.8999999999999998,0.8,0,1,A2,A2,303,344,quintile_stratified,rul_only
0.8999999999999998,0.8,0,1,A1,A1,304,345,quintile_stratified,rul_only
1.0,1.0,1,1,A3,A3,305,346,quintile_stratified,rul_only
1.0,1.0,1,1,A2,A2,306,347,quintile_stratified,rul_only
0.8947368421052632,0.7777777777777778,0,1,A1,A1,307,348,quintile_stratified,rul_only
0.9999999999999999,1.0,1,1,A5,A5,308,349,quintile_stratified,rul_only
0.9999999999999999,1.0,1,1,A2,A2,309,350,quintile_stratified,rul_only
1.0,1.0,1,1,A2,A2,310,351,quintile_stratified,rul_only
0.9999999999999999,1.0,1,1,A2,A2,311,352,quintile_stratified,rul_only
0.8999999999999998,0.8,0,1,A1,A1,312,353,quintile_stratified,rul_only
0.9999999999999999,1.0,1,1,A2,A2,313,354,quintile_stratified,rul_only
0.8999999999999998,0.8,0,0,A3,A5,314,355,quintile_stratified,rul_only
0.8999999999999998,0.8,0,1,A1,A1,315,356,quintile_stratified,rul_only
0.9999999999999999,1.0,1,1,A1,A1,316,357,quintile_stratified,rul_only
1.0,1.0,1,1,A3,A3,317,358,quintile_stratified,rul_only
1.0,1.0,1,1,A5,A5,318,359,quintile_stratified,rul_only
0.8947368421052632,0.7777777777777778,0,0,A2,A4,319,360,quintile_stratified,rul_only
1.0,1.0,1,1,A5,A5,320,361,quintile_stratified,rul_only
0.8999999999999998,0.8,0,1,A2,A2,321,362,quintile_stratified,rul_only
1.0,1.0,1,1,A2,A2,322,363,quintile_stratified,rul_only
0.9999999999999999,1.0,1,1,A2,A2,323,364,quintile_stratified,rul_only
0.6842105263157895,0.5555555555555556,0,0,A1,A4,324,365,quintile_stratified,rul_only
1.0,1.0,1,1,A1,A1,325,366,quintile_stratified,rul_only
1.0,1.0,1,1,A2,A2,326,367,quintile_stratified,rul_only
0.9999999999999999,1.0,1,1,A1,A1,327,368,quintile_stratified,rul_only
0.9999999999999999,1.0,1,1,A1,A1,328,369,quintile_stratified,rul_only
0.8947368421052632,0.7777777777777778,0,0,A1,A5,329,370,quintile_stratified,rul_only
1.0,1.0,1,1,A2,A2,330,371,quintile_stratified,rul_only
1.0,1.0,1,1,A2,A2,331,372,quintile_stratified,rul_only
1.0,1.0,1,1,A1,A1,332,373,quintile_stratified,rul_only
0.9999999999999999,1.0,1,1,A1,A1,333,374,quintile_stratified,rul_only
0.8947368421052632,0.7777777777777778,0,0,A2,A4,334,375,quintile_stratified,rul_only
0.8999999999999998,0.8,0,0,A3,A4,335,376,quintile_stratified,rul_only
0.8999999999999998,0.8,0,1,A5,A5,336,377,quintile_stratified,rul_only
0.9999999999999999,1.0,1,1,A3,A3,337,378,quintile_stratified,rul_only
0.9999999999999999,1.0,1,1,A2,A2,338,379,quintile_stratified,rul_only
0.9999999999999999,1.0,1,1,A5,A5,339,380,quintile_stratified,rul_only
1.0,1.0,1,1,A3,A3,340,381,quintile_stratified,rul_only
0.8947368421052632,0.7777777777777778,0,0,A3,A4,341,382,quintile_stratified,rul_only
0.8947368421052632,0.7777777777777778,0,1,A3,A3,342,383,quintile_stratified,rul_only
1.0,1.0,1,1,A3,A3,343,384,quintile_stratified,rul_only
0.9999999999999999,1.0,1,1,A3,A3,344,385,quintile_stratified,rul_only
0.8999999999999998,0.8,0,1,A1,A1,345,386,quintile_stratified,rul_only
0.9999999999999999,1.0,1,1,A3,A3,346,387,quintile_stratified,rul_only
1.0,1.0,1,1,A2,A2,347,388,quintile_stratified,rul_only
1.0,1.0,1,1,A2,A2,348,389,quintile_stratified,rul_only
1.0,1.0,1,1,A5,A5,349,390,quintile_stratified,rul_only
1.0,1.0,1,1,A3,A3,350,391,quintile_stratified,rul_only
0.9999999999999999,1.0,1,1,A3,A3,351,392,quintile_stratified,rul_only
0.9999999999999999,1.0,1,1,A3,A3,352,393,quintile_stratified,rul_only
0.9999999999999999,1.0,1,1,A1,A1,353,394,quintile_stratified,rul_only
1.0,1.0,1,1,A3,A3,354,395,quintile_stratified,rul_only
1.0,1.0,1,1,A3,A3,355,396,quintile_stratified,rul_only
0.8947368421052632,0.7777777777777778,0,1,A2,A2,356,397,quintile_stratified,rul_only
0.8947368421052632,0.7777777777777778,0,0,A3,A5,357,398,quintile_stratified,rul_only
0.8999999999999998,0.8,0,1,A1,A1,358,399,quintile_stratified,rul_only
1.0,1.0,1,1,A3,A3,359,400,quintile_stratified,rul_only
0.8999999999999998,0.8,0,0,A3,A4,360,401,quintile_stratified,rul_only
1.0,1.0,1,1,A5,A5,361,402,quintile_stratified,rul_only
1.0,1.0,1,1,A2,A2,362,403,quintile_stratified,rul_only
1.0,1.0,1,1,A5,A5,363,404,quintile_stratified,rul_only
0.8947368421052632,0.7777777777777778,0,1,A1,A1,364,405,quintile_stratified,rul_only
0.8999999999999998,0.8,0,1,A5,A5,365,406,quintile_stratified,rul_only
0.8999999999999998,0.8,0,0,A3,A4,366,407,quintile_stratified,rul_only
1.0,1.0,1,1,A3,A3,367,408,quintile_stratified,rul_only
0.9999999999999999,1.0,1,1,A2,A2,368,409,quintile_stratified,rul_only
1.0,1.0,1,1,A3,A3,369,410,quintile_stratified,rul_only
1.0,1.0,1,1,A5,A5,370,411,quintile_stratified,rul_only
1.0,1.0,1,1,A5,A5,371,412,quintile_stratified,rul_only
1.0,1.0,1,1,A2,A2,372,413,quintile_stratified,rul_only
1.0,1.0,1,1,A2,A2,373,414,quintile_stratified,rul_only
0.8999999999999998,0.8,0,0,A2,A4,374,415,quintile_stratified,rul_only
1.0,1.0,1,1,A4,A4,375,416,quintile_stratified,rul_only
0.8999999999999998,0.8,0,1,A5,A5,376,417,quintile_stratified,rul_only
1.0,1.0,1,1,A1,A1,377,418,quintile_stratified,rul_only
1.0,1.0,1,1,A3,A3,378,419,quintile_stratified,rul_only
1.0,1.0,1,1,A5,A5,379,420,quintile_stratified,rul_only
0.8947368421052632,0.7777777777777778,0,1,A4,A4,380,421,quintile_stratified,rul_only
0.9999999999999999,1.0,1,1,A2,A2,381,422,quintile_stratified,rul_only
0.8947368421052632,0.7777777777777778,0,0,A2,A4,382,423,quintile_stratified,rul_only
0.8999999999999998,0.8,0,1,A3,A3,383,424,quintile_stratified,rul_only
0.9999999999999999,1.0,1,1,A1,A1,384,425,quintile_stratified,rul_only
0.8999999999999998,0.8,0,0,A3,A1,385,426,quintile_stratified,rul_only
0.8947368421052632,0.7777777777777778,0,0,A5,A4,386,427,quintile_stratified,rul_only
0.9999999999999999,1.0,1,1,A3,A3,387,428,quintile_stratified,rul_only
0.8999999999999998,0.8,0,0,A1,A4,388,429,quintile_stratified,rul_only
0.9999999999999999,1.0,1,1,A2,A2,389,430,quintile_stratified,rul_only
1.0,1.0,1,1,A3,A3,390,431,quintile_stratified,rul_only
0.8999999999999998,0.8,0,1,A5,A5,391,432,quintile_stratified,rul_only
0.8999999999999998,0.8,0,0,A2,A4,392,433,quintile_stratified,rul_only
0.8999999999999998,0.8,0,0,A1,A4,393,434,quintile_stratified,rul_only
0.8999999999999998,0.8,0,1,A1,A1,394,435,quintile_stratified,rul_only
0.8999999999999998,0.8,0,0,A3,A4,395,436,quintile_stratified,rul_only
0.8947368421052632,0.7777777777777778,0,1,A5,A5,396,437,quintile_stratified,rul_only
0.9999999999999999,1.0,1,1,A2,A2,397,438,quintile_stratified,rul_only
0.9999999999999999,1.0,1,1,A3,A3,398,439,quintile_stratified,rul_only
0.8999999999999998,0.8,0,0,A5,A4,399,440,quintile_stratified,rul_only
0.8947368421052632,0.7777777777777778,0,0,A3,A4,400,441,quintile_stratified,rul_only
0.6842105263157895,0.5555555555555556,0,0,A2,A4,401,442,quintile_stratified,rul_only
0.8999999999999998,0.8,0,1,A3,A3,402,443,quintile_stratified,rul_only
0.9999999999999999,1.0,1,1,A2,A2,403,444,quintile_stratified,rul_only
0.8999999999999998,0.8,0,1,A1,A1,404,445,quintile_stratified,rul_only
0.9999999999999999,1.0,1,1,A1,A1,405,446,quintile_stratified,rul_only
0.8999999999999998,0.8,0,0,A3,A4,406,447,quintile_stratified,rul_only
0.8999999999999998,0.8,0,0,A2,A4,407,448,quintile_stratified,rul_only
0.9999999999999999,1.0,1,1,A4,A4,408,449,quintile_stratified,rul_only
0.9999999999999999,1.0,1,1,A3,A3,409,450,quintile_stratified,rul_only
0.9999999999999999,1.0,1,1,A1,A1,410,451,quintile_stratified,rul_only
0.8999999999999998,0.8,0,1,A3,A3,411,452,quintile_stratified,rul_only
0.8999999999999998,0.8,0,1,A3,A3,412,453,quintile_stratified,rul_only
1.0,1.0,1,1,A2,A2,413,454,quintile_stratified,rul_only
1.0,1.0,1,1,A1,A1,414,455,quintile_stratified,rul_only
0.9999999999999999,1.0,1,1,A2,A2,415,456,quintile_stratified,rul_only
1.0,1.0,1,1,A3,A3,416,457,quintile_stratified,rul_only
0.8999999999999998,0.8,0,0,A2,A5,417,458,quintile_stratified,rul_only
0.9999999999999999,1.0,1,1,A3,A3,418,459,quintile_stratified,rul_only
1.0,1.0,1,1,A2,A2,419,460,quintile_stratified,rul_only
0.8947368421052632,0.7777777777777778,0,0,A2,A1,420,461,quintile_stratified,rul_only
0.9999999999999999,1.0,1,1,A3,A3,421,462,quintile_stratified,rul_only
0.8999999999999998,0.8,0,0,A1,A4,422,463,quintile_stratified,rul_only
1.0,1.0,1,1,A2,A2,423,464,quintile_stratified,rul_only
0.8999999999999998,0.8,0,1,A3,A3,424,465,quintile_stratified,rul_only
0.9999999999999999,1.0,1,1,A2,A2,425,466,quintile_stratified,rul_only
1.0,1.0,1,1,A1,A1,426,467,quintile_stratified,rul_only
0.8947368421052632,0.7777777777777778,0,1,A5,A5,427,468,quintile_stratified,rul_only
1.0,1.0,1,1,A2,A2,428,469,quintile_stratified,rul_only
0.8999999999999998,0.8,0,0,A3,A4,429,470,quintile_stratified,rul_only
0.9999999999999999,1.0,1,1,A2,A2,430,471,quintile_stratified,rul_only
0.8947368421052632,0.7777777777777778,0,0,A5,A4,431,472,quintile_stratified,rul_only
0.9999999999999999,1.0,1,1,A3,A3,432,473,quintile_stratified,rul_only
0.9999999999999999,1.0,1,1,A2,A2,433,474,quintile_stratified,rul_only
0.9999999999999999,1.0,1,1,A1,A1,434,475,quintile_stratified,rul_only
0.9999999999999999,1.0,1,1,A3,A3,435,476,quintile_stratified,rul_only
0.9999999999999999,1.0,1,1,A3,A3,436,477,quintile_stratified,rul_only
0.9999999999999999,1.0,1,1,A5,A5,437,478,quintile_stratified,rul_only
0.8999999999999998,0.8,0,0,A2,A5,438,479,quintile_stratified,rul_only
1.0,1.0,1,1,A2,A2,439,480,quintile_stratified,rul_only
0.9999999999999999,1.0,1,1,A1,A1,440,481,quintile_stratified,rul_only
1.0,1.0,1,1,A2,A2,441,482,quintile_stratified,rul_only
0.8999999999999998,0.8,0,0,A3,A4,442,483,quintile_stratified,rul_only
0.8947368421052632,0.7777777777777778,0,1,A3,A3,443,484,quintile_stratified,rul_only
0.9999999999999999,1.0,1,1,A2,A2,444,485,quintile_stratified,rul_only
0.8947368421052632,0.7777777777777778,0,0,A5,A4,445,486,quintile_stratified,rul_only
1.0,1.0,1,1,A3,A3,446,487,quintile_stratified,rul_only
0.9999999999999999,1.0,1,1,A2,A2,447,488,quintile_stratified,rul_only
0.8947368421052632,0.7777777777777778,0,0,A2,A5,448,489,quintile_stratified,rul_only
0.9999999999999999,1.0,1,1,A1,A1,449,490,quintile_stratified,rul_only
0.8947368421052632,0.7777777777777778,0,0,A3,A5,450,491,quintile_stratified,rul_only
0.8947368421052632,0.7777777777777778,0,0,A5,A4,451,492,quintile_stratified,rul_only
1.0,1.0,1,1,A3,A3,452,493,quintile_stratified,rul_only
1.0,1.0,1,1,A1,A1,453,494,quintile_stratified,rul_only
0.8947368421052632,0.7777777777777778,0,0,A3,A4,454,495,quintile_stratified,rul_only
0.9999999999999999,1.0,1,1,A1,A1,455,496,quintile_stratified,rul_only
0.8947368421052632,0.7777777777777778,0,0,A3,A5,456,497,quintile_stratified,rul_only
1.0,1.0,1,1,A3,A3,457,498,quintile_stratified,rul_only
1.0,1.0,1,1,A1,A1,458,499,quintile_stratified,rul_only
0.8947368421052632,0.7777777777777778,0,0,A3,A5,459,500,quintile_stratified,rul_only
0.8947368421052632,0.7777777777777778,0,0,A2,A4,460,501,quintile_stratified,rul_only
0.8999999999999998,0.8,0,1,A2,A2,461,502,quintile_stratified,rul_only
1.0,1.0,1,1,A2,A2,462,503,quintile_stratified,rul_only
0.9999999999999999,1.0,1,1,A2,A2,463,504,quintile_stratified,rul_only
0.9999999999999999,1.0,1,1,A5,A5,464,505,quintile_stratified,rul_only
0.9999999999999999,1.0,1,1,A1,A1,465,506,quintile_stratified,rul_only
1.0,1.0,1,1,A2,A2,466,507,quintile_stratified,rul_only
1.0,1.0,1,1,A1,A1,467,508,quintile_stratified,rul_only
1.0,1.0,1,1,A2,A2,468,509,quintile_stratified,rul_only
0.8999999999999998,0.8,0,1,A5,A5,469,510,quintile_stratified,rul_only
0.9999999999999999,1.0,1,1,A3,A3,470,511,quintile_stratified,rul_only
0.8947368421052632,0.7777777777777778,0,1,A1,A1,471,512,quintile_stratified,rul_only
0.9999999999999999,1.0,1,1,A3,A3,472,513,quintile_stratified,rul_only
1.0,1.0,1,1,A1,A1,473,514,quintile_stratified,rul_only
0.8999999999999998,0.8,0,0,A2,A4,474,515,quintile_stratified,rul_only
0.8999999999999998,0.8,0,0,A2,A4,475,516,quintile_stratified,rul_only
0.9999999999999999,1.0,1,1,A3,A3,476,517,quintile_stratified,rul_only
1.0,1.0,1,1,A5,A5,477,518,quintile_stratified,rul_only
0.9999999999999999,1.0,1,1,A5,A5,478,519,quintile_stratified,rul_only
0.9999999999999999,1.0,1,1,A3,A3,479,520,quintile_stratified,rul_only
0.8999999999999998,0.8,0,0,A3,A5,480,521,quintile_stratified,rul_only
0.8999999999999998,0.8,0,0,A3,A4,481,522,quintile_stratified,rul_only
1.0,1.0,1,1,A3,A3,482,523,quintile_stratified,rul_only
0.8947368421052632,0.7777777777777778,0,1,A5,A5,483,524,quintile_stratified,rul_only
0.9999999999999999,1.0,1,1,A1,A1,484,525,quintile_stratified,rul_only
0.9999999999999999,1.0,1,1,A2,A2,485,526,quintile_stratified,rul_only
0.8947368421052632,0.7777777777777778,0,0,A2,A5,486,527,quintile_stratified,rul_only
0.9999999999999999,1.0,1,1,A4,A4,487,528,quintile_stratified,rul_only
0.8999999999999998,0.8,0,1,A3,A3,488,529,quintile_stratified,rul_only
0.8999999999999998,0.8,0,0,A1,A5,489,530,quintile_stratified,rul_only
1.0,1.0,1,1,A1,A1,490,531,quintile_stratified,rul_only
0.8999999999999998,0.8,0,1,A5,A5,491,532,quintile_stratified,rul_only
0.8947368421052632,0.7777777777777778,0,0,A2,A1,492,533,quintile_stratified,rul_only
1.0,1.0,1,1,A1,A1,493,534,quintile_stratified,rul_only
1.0,1.0,1,1,A2,A2,494,535,quintile_stratified,rul_only
0.8999999999999998,0.8,0,1,A3,A3,495,536,quintile_stratified,rul_only
1.0,1.0,1,1,A2,A2,496,537,quintile_stratified,rul_only
1.0,1.0,1,1,A3,A3,497,538,quintile_stratified,rul_only
0.9999999999999999,1.0,1,1,A2,A2,498,539,quintile_stratified,rul_only
0.9999999999999999,1.0,1,1,A2,A2,499,540,quintile_stratified,rul_only
0.9999999999999999,1.0,1,1,A3,A3,500,541,quintile_stratified,rul_only
0.8947368421052632,0.7777777777777778,0,0,A5,A4,501,542,quintile_stratified,rul_only
0.8999999999999998,0.8,0,1,A1,A1,502,543,quintile_stratified,rul_only
1.0,1.0,1,1,A1,A1,503,544,quintile_stratified,rul_only
1.0,1.0,1,1,A3,A3,504,545,quintile_stratified,rul_only
0.8947368421052632,0.7777777777777778,0,1,A1,A1,505,546,quintile_stratified,rul_only
1.0,1.0,1,1,A3,A3,506,547,quintile_stratified,rul_only
0.8999999999999998,0.8,0,0,A2,A5,507,548,quintile_stratified,rul_only
0.9999999999999999,1.0,1,1,A4,A4,508,549,quintile_stratified,rul_only
0.8947368421052632,0.7777777777777778,0,0,A2,A5,509,550,quintile_stratified,rul_only
1.0,1.0,1,1,A5,A5,510,551,quintile_stratified,rul_only
0.9999999999999999,1.0,1,1,A1,A1,511,552,quintile_stratified,rul_only
1.0,1.0,1,1,A2,A2,512,553,quintile_stratified,rul_only
0.9999999999999999,1.0,1,1,A5,A5,513,554,quintile_stratified,rul_only
0.9999999999999999,1.0,1,1,A1,A1,514,555,quintile_stratified,rul_only
0.9999999999999999,1.0,1,1,A1,A1,515,556,quintile_stratified,rul_only
0.8999999999999998,0.8,0,0,A2,A4,516,557,quintile_stratified,rul_only
0.9999999999999999,1.0,1,1,A2,A2,517,558,quintile_stratified,rul_only
0.8947368421052632,0.7777777777777778,0,0,A2,A4,518,559,quintile_stratified,rul_only
0.9999999999999999,1.0,1,1,A2,A2,519,560,quintile_stratified,rul_only
1.0,1.0,1,1,A1,A1,520,561,quintile_stratified,rul_only
0.9999999999999999,1.0,1,1,A3,A3,521,562,quintile_stratified,rul_only
1.0,1.0,1,1,A2,A2,522,563,quintile_stratified,rul_only
0.8947368421052632,0.7777777777777778,0,1,A3,A3,523,564,quintile_stratified,rul_only
0.8999999999999998,0.8,0,0,A3,A4,524,565,quintile_stratified,rul_only
1.0,1.0,1,1,A3,A3,525,566,quintile_stratified,rul_only
0.8947368421052632,0.7777777777777778,0,0,A2,A5,526,567,quintile_stratified,rul_only
1.0,1.0,1,1,A5,A5,527,568,quintile_stratified,rul_only
0.8999999999999998,0.8,0,0,A2,A4,528,569,quintile_stratified,rul_only
0.9999999999999999,1.0,1,1,A3,A3,529,570,quintile_stratified,rul_only
0.8947368421052632,0.7777777777777778,0,1,A1,A1,530,571,quintile_stratified,rul_only
1.0,1.0,1,1,A1,A1,531,572,quintile_stratified,rul_only
0.8947368421052632,0.7777777777777778,0,0,A3,A4,532,573,quintile_stratified,rul_only
0.8947368421052632,0.7777777777777778,0,0,A2,A4,533,574,quintile_stratified,rul_only
0.8999999999999998,0.8,0,0,A2,A5,534,575,quintile_stratified,rul_only
0.8947368421052632,0.7777777777777778,0,1,A1,A1,535,576,quintile_stratified,rul_only
0.9999999999999999,1.0,1,1,A1,A1,536,577,quintile_stratified,rul_only
0.8947368421052632,0.7777777777777778,0,0,A1,A4,537,578,quintile_stratified,rul_only
0.8947368421052632,0.7777777777777778,0,0,A2,A5,538,579,quintile_stratified,rul_only
0.9999999999999999,1.0,1,1,A2,A2,539,580,quintile_stratified,rul_only
0.8999999999999998,0.8,0,0,A2,A1,540,581,quintile_stratified,rul_only
0.8999999999999998,0.8,0,1,A3,A3,541,582,quintile_stratified,rul_only
0.8999999999999998,0.8,0,1,A3,A3,542,583,quintile_stratified,rul_only
0.9999999999999999,1.0,1,1,A3,A3,543,584,quintile_stratified,rul_only
1.0,1.0,1,1,A5,A5,544,585,quintile_stratified,rul_only
1.0,1.0,1,1,A1,A1,545,586,quintile_stratified,rul_only
0.9999999999999999,1.0,1,1,A5,A5,546,587,quintile_stratified,rul_only
0.8947368421052632,0.7777777777777778,0,1,A5,A5,547,588,quintile_stratified,rul_only
0.9999999999999999,1.0,1,1,A5,A5,548,589,quintile_stratified,rul_only
0.8999999999999998,0.8,0,1,A5,A5,549,590,quintile_stratified,rul_only
0.9999999999999999,1.0,1,1,A1,A1,550,591,quintile_stratified,rul_only
0.8999999999999998,0.8,0,0,A3,A4,551,592,quintile_stratified,rul_only
0.8947368421052632,0.7777777777777778,0,0,A2,A4,552,593,quintile_stratified,rul_only
1.0,1.0,1,1,A5,A5,553,594,quintile_stratified,rul_only
0.8947368421052632,0.7777777777777778,0,1,A1,A1,554,595,quintile_stratified,rul_only
0.7,0.6,0,0,A1,A4,555,596,quintile_stratified,rul_only
0.8999999999999998,0.8,0,1,A3,A3,556,597,quintile_stratified,rul_only
0.8947368421052632,0.7777777777777778,0,0,A2,A4,557,598,quintile_stratified,rul_only
0.8999999999999998,0.8,0,0,A1,A4,558,599,quintile_stratified,rul_only
0.8999999999999998,0.8,0,1,A2,A2,559,600,quintile_stratified,rul_only
0.9999999999999999,1.0,1,1,A3,A3,560,601,quintile_stratified,rul_only
1.0,1.0,1,1,A3,A3,561,602,quintile_stratified,rul_only
0.7,0.6,0,0,A2,A4,562,603,quintile_stratified,rul_only
0.9999999999999999,1.0,1,1,A1,A1,563,604,quintile_stratified,rul_only
1.0,1.0,1,1,A2,A2,564,605,quintile_stratified,rul_only
0.8999999999999998,0.8,0,0,A3,A4,565,606,quintile_stratified,rul_only
1.0,1.0,1,1,A2,A2,566,607,quintile_stratified,rul_only
0.8947368421052632,0.7777777777777778,0,0,A5,A4,567,608,quintile_stratified,rul_only
0.8999999999999998,0.8,0,0,A3,A4,568,609,quintile_stratified,rul_only
0.7,0.6,0,0,A1,A4,569,610,quintile_stratified,rul_only
0.8947368421052632,0.7777777777777778,0,0,A2,A5,570,611,quintile_stratified,rul_only
0.8999999999999998,0.8,0,1,A3,A3,571,612,quintile_stratified,rul_only
0.8947368421052632,0.7777777777777778,0,0,A5,A4,572,613,quintile_stratified,rul_only
0.9999999999999999,1.0,1,1,A3,A3,573,614,quintile_stratified,rul_only
0.9999999999999999,1.0,1,1,A2,A2,574,615,quintile_stratified,rul_only
0.8947368421052632,0.7777777777777778,0,1,A4,A4,575,616,quintile_stratified,rul_only
1.0,1.0,1,1,A2,A2,576,617,quintile_stratified,rul_only
1.0,1.0,1,1,A2,A2,577,618,quintile_stratified,rul_only
1.0,1.0,1,1,A3,A3,578,619,quintile_stratified,rul_only
1.0,1.0,1,1,A5,A5,579,620,quintile_stratified,rul_only
1.0,1.0,1,1,A3,A3,580,621,quintile_stratified,rul_only
0.8999999999999998,0.8,0,1,A1,A1,581,622,quintile_stratified,rul_only
1.0,1.0,1,1,A2,A2,582,623,quintile_stratified,rul_only
0.8999999999999998,0.8,0,1,A2,A2,583,624,quintile_stratified,rul_only
0.8999999999999998,0.8,0,1,A1,A1,584,625,quintile_stratified,rul_only
0.8947368421052632,0.7777777777777778,0,0,A2,A1,585,626,quintile_stratified,rul_only
1.0,1.0,1,1,A3,A3,586,627,quintile_stratified,rul_only
0.9999999999999999,1.0,1,1,A1,A1,587,628,quintile_stratified,rul_only
0.8999999999999998,0.8,0,0,A2,A5,588,629,quintile_stratified,rul_only
0.9999999999999999,1.0,1,1,A5,A5,589,630,quintile_stratified,rul_only
0.8999999999999998,0.8,0,1,A1,A1,590,631,quintile_stratified,rul_only
0.9999999999999999,1.0,1,1,A2,A2,591,632,quintile_stratified,rul_only
1.0,1.0,1,1,A2,A2,592,633,quintile_stratified,rul_only
0.9999999999999999,1.0,1,1,A2,A2,593,634,quintile_stratified,rul_only
0.9999999999999999,1.0,1,1,A3,A3,594,635,quintile_stratified,rul_only
0.8999999999999998,0.8,0,0,A2,A4,595,636,quintile_stratified,rul_only
0.9999999999999999,1.0,1,1,A2,A2,596,637,quintile_stratified,rul_only
0.8999999999999998,0.8,0,0,A5,A4,597,638,quintile_stratified,rul_only
0.8947368421052632,0.7777777777777778,0,0,A3,A5,598,639,quintile_stratified,rul_only
0.8999999999999998,0.8,0,0,A2,A1,599,640,quintile_stratified,rul_only
0.8947368421052632,0.7777777777777778,0,1,A5,A5,600,641,quintile_stratified,rul_only
0.8947368421052632,0.7777777777777778,0,0,A3,A5,601,642,quintile_stratified,rul_only
0.9999999999999999,1.0,1,1,A3,A3,602,643,quintile_stratified,rul_only
0.9999999999999999,1.0,1,1,A4,A4,603,644,quintile_stratified,rul_only
0.8999999999999998,0.8,0,0,A1,A4,604,645,quintile_stratified,rul_only
0.9999999999999999,1.0,1,1,A3,A3,605,646,quintile_stratified,rul_only
0.8999999999999998,0.8,0,0,A3,A4,606,647,quintile_stratified,rul_only
0.8999999999999998,0.8,0,0,A1,A4,607,648,quintile_stratified,rul_only
0.8947368421052632,0.7777777777777778,0,0,A2,A5,608,649,quintile_stratified,rul_only
0.8999999999999998,0.8,0,1,A2,A2,609,650,quintile_stratified,rul_only
1.0,1.0,1,1,A5,A5,610,651,quintile_stratified,rul_only
0.9999999999999999,1.0,1,1,A4,A4,611,652,quintile_stratified,rul_only
1.0,1.0,1,1,A2,A2,612,653,quintile_stratified,rul_only
0.8947368421052632,0.7777777777777778,0,0,A5,A4,613,654,quintile_stratified,rul_only
0.9999999999999999,1.0,1,1,A1,A1,614,655,quintile_stratified,rul_only
1.0,1.0,1,1,A3,A3,615,656,quintile_stratified,rul_only
0.8999999999999998,0.8,0,0,A1,A4,616,657,quintile_stratified,rul_only
0.9999999999999999,1.0,1,1,A2,A2,617,658,quintile_stratified,rul_only
0.9999999999999999,1.0,1,1,A1,A1,618,659,quintile_stratified,rul_only
0.8947368421052632,0.7777777777777778,0,1,A2,A2,619,660,quintile_stratified,rul_only
1.0,1.0,1,1,A2,A2,620,661,quintile_stratified,rul_only
0.8999999999999998,0.8,0,1,A3,A3,621,662,quintile_stratified,rul_only
0.8999999999999998,0.8,0,1,A2,A2,622,663,quintile_stratified,rul_only
0.9999999999999999,1.0,1,1,A3,A3,623,664,quintile_stratified,rul_only
0.8999999999999998,0.8,0,0,A2,A5,624,665,quintile_stratified,rul_only
0.8999999999999998,0.8,0,1,A1,A1,625,666,quintile_stratified,rul_only
1.0,1.0,1,1,A5,A5,626,667,quintile_stratified,rul_only
1.0,1.0,1,1,A3,A3,627,668,quintile_stratified,rul_only
0.8999999999999998,0.8,0,0,A3,A5,628,669,quintile_stratified,rul_only
0.9999999999999999,1.0,1,1,A2,A2,629,670,quintile_stratified,rul_only
0.8947368421052632,0.7777777777777778,0,1,A2,A2,630,671,quintile_stratified,rul_only
0.8947368421052632,0.7777777777777778,0,0,A2,A5,631,672,quintile_stratified,rul_only
0.9999999999999999,1.0,1,1,A1,A1,632,673,quintile_stratified,rul_only
0.8999999999999998,0.8,0,0,A3,A4,633,674,quintile_stratified,rul_only
1.0,1.0,1,1,A3,A3,634,675,quintile_stratified,rul_only
0.8947368421052632,0.7777777777777778,0,0,A3,A4,635,676,quintile_stratified,rul_only
0.9999999999999999,1.0,1,1,A3,A3,636,677,quintile_stratified,rul_only
0.9999999999999999,1.0,1,1,A4,A4,637,678,quintile_stratified,rul_only
0.9999999999999999,1.0,1,1,A2,A2,638,679,quintile_stratified,rul_only
0.9999999999999999,1.0,1,1,A2,A2,639,680,quintile_stratified,rul_only
0.8999999999999998,0.8,0,0,A3,A5,640,681,quintile_stratified,rul_only
0.9999999999999999,1.0,1,1,A3,A3,641,682,quintile_stratified,rul_only
1.0,1.0,1,1,A2,A2,642,683,quintile_stratified,rul_only
0.9999999999999999,1.0,1,1,A1,A1,643,684,quintile_stratified,rul_only
0.9999999999999999,1.0,1,1,A3,A3,644,685,quintile_stratified,rul_only
1.0,1.0,1,1,A3,A3,645,686,quintile_stratified,rul_only
0.8947368421052632,0.7777777777777778,0,0,A2,A4,646,687,quintile_stratified,rul_only
0.8947368421052632,0.7777777777777778,0,0,A2,A4,647,688,quintile_stratified,rul_only
0.8947368421052632,0.7777777777777778,0,0,A2,A4,648,689,quintile_stratified,rul_only
1.0,1.0,1,1,A1,A1,649,690,quintile_stratified,rul_only
1.0,1.0,1,1,A2,A2,650,691,quintile_stratified,rul_only
0.9999999999999999,1.0,1,1,A2,A2,651,692,quintile_stratified,rul_only
0.9999999999999999,1.0,1,1,A1,A1,652,693,quintile_stratified,rul_only
1.0,1.0,1,1,A2,A2,653,694,quintile_stratified,rul_only
0.9999999999999999,1.0,1,1,A1,A1,654,695,quintile_stratified,rul_only
1.0,1.0,1,1,A2,A2,655,696,quintile_stratified,rul_only
0.8999999999999998,0.8,0,1,A5,A5,656,697,quintile_stratified,rul_only
1.0,1.0,1,1,A3,A3,657,698,quintile_stratified,rul_only
0.8999999999999998,0.8,0,1,A1,A1,658,699,quintile_stratified,rul_only
0.8999999999999998,0.8,0,0,A3,A4,659,700,quintile_stratified,rul_only
0.8947368421052632,0.7777777777777778,0,0,A1,A4,660,701,quintile_stratified,rul_only
0.9999999999999999,1.0,1,1,A2,A2,661,702,quintile_stratified,rul_only
1.0,1.0,1,1,A5,A5,662,703,quintile_stratified,rul_only
0.8947368421052632,0.7777777777777778,0,0,A2,A4,663,704,quintile_stratified,rul_only
0.9999999999999999,1.0,1,1,A2,A2,664,705,quintile_stratified,rul_only
0.8999999999999998,0.8,0,0,A3,A4,665,706,quintile_stratified,rul_only
0.8999999999999998,0.8,0,0,A5,A4,666,707,quintile_stratified,rul_only
1.0,1.0,1,1,A5,A5,667,708,quintile_stratified,rul_only
1.0,1.0,1,1,A2,A2,668,709,quintile_stratified,rul_only
0.9999999999999999,1.0,1,1,A4,A4,669,710,quintile_stratified,rul_only
0.9999999999999999,1.0,1,1,A1,A1,670,711,quintile_stratified,rul_only
0.8999999999999998,0.8,0,0,A3,A4,671,712,quintile_stratified,rul_only
1.0,1.0,1,1,A1,A1,672,713,quintile_stratified,rul_only
0.8999999999999998,0.8,0,0,A1,A4,673,714,quintile_stratified,rul_only
0.9999999999999999,1.0,1,1,A1,A1,674,715,quintile_stratified,rul_only
0.8947368421052632,0.7777777777777778,0,0,A2,A5,675,716,quintile_stratified,rul_only
0.9999999999999999,1.0,1,1,A3,A3,676,717,quintile_stratified,rul_only
0.8999999999999998,0.8,0,0,A5,A4,677,718,quintile_stratified,rul_only
0.9999999999999999,1.0,1,1,A1,A1,678,719,quintile_stratified,rul_only
0.8999999999999998,0.8,0,1,A3,A3,679,720,quintile_stratified,rul_only
1.0,1.0,1,1,A2,A2,680,721,quintile_stratified,rul_only
0.8947368421052632,0.7777777777777778,0,1,A3,A3,681,722,quintile_stratified,rul_only
1.0,1.0,1,1,A2,A2,682,723,quintile_stratified,rul_only
1.0,1.0,1,1,A1,A1,683,724,quintile_stratified,rul_only
1.0,1.0,1,1,A1,A1,684,725,quintile_stratified,rul_only
0.8947368421052632,0.7777777777777778,0,0,A1,A4,685,726,quintile_stratified,rul_only
1.0,1.0,1,1,A3,A3,686,727,quintile_stratified,rul_only
1.0,1.0,1,1,A3,A3,687,728,quintile_stratified,rul_only
1.0,1.0,1,1,A5,A5,688,729,quintile_stratified,rul_only
0.9999999999999999,1.0,1,1,A1,A1,689,730,quintile_stratified,rul_only
1.0,1.0,1,1,A2,A2,690,731,quintile_stratified,rul_only
0.8999999999999998,0.8,0,0,A2,A5,691,732,quintile_stratified,rul_only
0.8947368421052632,0.7777777777777778,0,0,A2,A5,692,733,quintile_stratified,rul_only
0.8947368421052632,0.7777777777777778,0,0,A3,A4,693,734,quintile_stratified,rul_only
0.8947368421052632,0.7777777777777778,0,1,A3,A3,694,735,quintile_stratified,rul_only
0.9999999999999999,1.0,1,1,A3,A3,695,736,quintile_stratified,rul_only
0.9999999999999999,1.0,1,1,A1,A1,696,737,quintile_stratified,rul_only
0.8999999999999998,0.8,0,0,A3,A4,697,738,quintile_stratified,rul_only
0.9999999999999999,1.0,1,1,A5,A5,698,739,quintile_stratified,rul_only
0.8999999999999998,0.8,0,1,A3,A3,699,740,quintile_stratified,rul_only
1.0,1.0,1,1,A2,A2,700,741,quintile_stratified,rul_only
0.8947368421052632,0.7777777777777778,0,0,A2,A5,701,742,quintile_stratified,rul_only
0.9999999999999999,1.0,1,1,A5,A5,702,743,quintile_stratified,rul_only
1.0,1.0,1,1,A3,A3,703,744,quintile_stratified,rul_only
1.0,1.0,1,1,A5,A5,704,745,quintile_stratified,rul_only
0.8999999999999998,0.8,0,1,A1,A1,705,746,quintile_stratified,rul_only
0.8999999999999998,0.8,0,0,A2,A1,706,747,quintile_stratified,rul_only
1.0,1.0,1,1,A3,A3,707,748,quintile_stratified,rul_only
0.9999999999999999,1.0,1,1,A3,A3,708,749,quintile_stratified,rul_only
0.8999999999999998,0.8,0,0,A3,A4,709,750,quintile_stratified,rul_only
0.9999999999999999,1.0,1,1,A2,A2,710,751,quintile_stratified,rul_only
0.9999999999999999,1.0,1,1,A3,A3,711,752,quintile_stratified,rul_only
0.8947368421052632,0.7777777777777778,0,0,A2,A4,712,753,quintile_stratified,rul_only
0.8999999999999998,0.8,0,0,A2,A5,713,754,quintile_stratified,rul_only
1.0,1.0,1,1,A2,A2,714,755,quintile_stratified,rul_only
0.9999999999999999,1.0,1,1,A5,A5,715,756,quintile_stratified,rul_only
0.9999999999999999,1.0,1,1,A3,A3,716,757,quintile_stratified,rul_only
0.7999999999999999,0.6,0,0,A2,A4,717,758,quintile_stratified,rul_only
0.9999999999999999,1.0,1,1,A2,A2,718,759,quintile_stratified,rul_only
0.9999999999999999,1.0,1,1,A3,A3,719,760,quintile_stratified,rul_only
0.8999999999999998,0.8,0,1,A3,A3,720,761,quintile_stratified,rul_only
0.9999999999999999,1.0,1,1,A3,A3,721,762,quintile_stratified,rul_only
0.8999999999999998,0.8,0,0,A2,A4,722,763,quintile_stratified,rul_only
1.0,1.0,1,1,A2,A2,723,764,quintile_stratified,rul_only
0.8947368421052632,0.7777777777777778,0,0,A1,A5,724,765,quintile_stratified,rul_only
0.8999999999999998,0.8,0,0,A3,A4,725,766,quintile_stratified,rul_only
0.8999999999999998,0.8,0,1,A1,A1,726,767,quintile_stratified,rul_only
0.8999999999999998,0.8,0,0,A3,A4,727,768,quintile_stratified,rul_only
0.9999999999999999,1.0,1,1,A2,A2,728,769,quintile_stratified,rul_only
0.9999999999999999,1.0,1,1,A5,A5,729,770,quintile_stratified,rul_only
0.9999999999999999,1.0,1,1,A1,A1,730,771,quintile_stratified,rul_only
0.9999999999999999,1.0,1,1,A2,A2,731,772,quintile_stratified,rul_only
0.8947368421052632,0.7777777777777778,0,0,A2,A1,732,773,quintile_stratified,rul_only
1.0,1.0,1,1,A1,A1,733,774,quintile_stratified,rul_only
1.0,1.0,1,1,A2,A2,734,775,quintile_stratified,rul_only
0.8999999999999998,0.8,0,0,A3,A4,735,776,quintile_stratified,rul_only
0.7999999999999999,0.6,0,0,A1,A4,736,777,quintile_stratified,rul_only
0.8999999999999998,0.8,0,0,A3,A5,737,778,quintile_stratified,rul_only
0.8999999999999998,0.8,0,1,A5,A5,738,779,quintile_stratified,rul_only
0.8999999999999998,0.8,0,1,A5,A5,739,780,quintile_stratified,rul_only
0.8947368421052632,0.7777777777777778,0,0,A2,A5,740,781,quintile_stratified,rul_only
1.0,1.0,1,1,A2,A2,741,782,quintile_stratified,rul_only
0.9999999999999999,1.0,1,1,A2,A2,742,783,quintile_stratified,rul_only
0.8999999999999998,0.8,0,1,A5,A5,743,784,quintile_stratified,rul_only
1.0,1.0,1,1,A4,A4,744,785,quintile_stratified,rul_only
0.8999999999999998,0.8,0,0,A1,A4,745,786,quintile_stratified,rul_only
0.9999999999999999,1.0,1,1,A5,A5,746,787,quintile_stratified,rul_only
1.0,1.0,1,1,A1,A1,747,788,quintile_stratified,rul_only
0.8947368421052632,0.7777777777777778,0,0,A3,A5,748,789,quintile_stratified,rul_only
1.0,1.0,1,1,A2,A2,749,790,quintile_stratified,rul_only
0.9999999999999999,1.0,1,1,A1,A1,750,791,quintile_stratified,rul_only
0.8947368421052632,0.7777777777777778,0,0,A3,A1,751,792,quintile_stratified,rul_only
1.0,1.0,1,1,A3,A3,752,793,quintile_stratified,rul_only
0.8947368421052632,0.7777777777777778,0,0,A2,A5,753,794,quintile_stratified,rul_only
0.8999999999999998,0.8,0,0,A2,A4,754,795,quintile_stratified,rul_only
0.8947368421052632,0.7777777777777778,0,0,A1,A4,755,796,quintile_stratified,rul_only
0.9999999999999999,1.0,1,1,A2,A2,756,797,quintile_stratified,rul_only
1.0,1.0,1,1,A2,A2,757,798,quintile_stratified,rul_only
0.8999999999999998,0.8,0,1,A2,A2,758,799,quintile_stratified,rul_only
0.9999999999999999,1.0,1,1,A2,A2,759,800,quintile_stratified,rul_only
0.8999999999999998,0.8,0,0,A1,A4,760,801,quintile_stratified,rul_only
0.9999999999999999,1.0,1,1,A1,A1,761,802,quintile_stratified,rul_only
0.8947368421052632,0.7777777777777778,0,0,A1,A5,762,803,quintile_stratified,rul_only
0.8999999999999998,0.8,0,0,A2,A4,763,804,quintile_stratified,rul_only
0.9999999999999999,1.0,1,1,A3,A3,764,805,quintile_stratified,rul_only
0.9999999999999999,1.0,1,1,A2,A2,765,806,quintile_stratified,rul_only
1.0,1.0,1,1,A5,A5,766,807,quintile_stratified,rul_only
0.9999999999999999,1.0,1,1,A5,A5,767,808,quintile_stratified,rul_only
1.0,1.0,1,1,A1,A1,768,809,quintile_stratified,rul_only
0.8999999999999998,0.8,0,0,A3,A4,769,810,quintile_stratified,rul_only
1.0,1.0,1,1,A1,A1,770,811,quintile_stratified,rul_only
0.8999999999999998,0.8,0,0,A3,A5,771,812,quintile_stratified,rul_only
1.0,1.0,1,1,A2,A2,772,813,quintile_stratified,rul_only
0.9999999999999999,1.0,1,1,A3,A3,773,814,quintile_stratified,rul_only
1.0,1.0,1,1,A2,A2,774,815,quintile_stratified,rul_only
1.0,1.0,1,1,A3,A3,775,816,quintile_stratified,rul_only
1.0,1.0,1,1,A3,A3,776,817,quintile_stratified,rul_only
0.8999999999999998,0.8,0,0,A1,A4,777,818,quintile_stratified,rul_only
0.8947368421052632,0.7777777777777778,0,1,A1,A1,778,819,quintile_stratified,rul_only
0.8999999999999998,0.8,0,1,A3,A3,779,820,quintile_stratified,rul_only
0.9999999999999999,1.0,1,1,A3,A3,780,821,quintile_stratified,rul_only
0.9999999999999999,1.0,1,1,A3,A3,781,822,quintile_stratified,rul_only
1.0,1.0,1,1,A2,A2,782,823,quintile_stratified,rul_only
0.9999999999999999,1.0,1,1,A1,A1,783,824,quintile_stratified,rul_only
0.8999999999999998,0.8,0,1,A2,A2,784,825,quintile_stratified,rul_only
0.8999999999999998,0.8,0,1,A2,A2,785,826,quintile_stratified,rul_only
1.0,1.0,1,1,A3,A3,786,827,quintile_stratified,rul_only
0.9999999999999999,1.0,1,1,A1,A1,787,828,quintile_stratified,rul_only
0.8999999999999998,0.8,0,0,A2,A1,788,829,quintile_stratified,rul_only
0.8999999999999998,0.8,0,0,A2,A5,789,830,quintile_stratified,rul_only
0.8999999999999998,0.8,0,0,A1,A4,790,831,quintile_stratified,rul_only
0.8999999999999998,0.8,0,1,A1,A1,791,832,quintile_stratified,rul_only
0.7999999999999999,0.6,0,0,A2,A1,792,833,quintile_stratified,rul_only
1.0,1.0,1,1,A1,A1,793,834,quintile_stratified,rul_only
0.9999999999999999,1.0,1,1,A5,A5,794,835,quintile_stratified,rul_only
1.0,1.0,1,1,A2,A2,795,836,quintile_stratified,rul_only
0.9999999999999999,1.0,1,1,A2,A2,796,837,quintile_stratified,rul_only
0.8999999999999998,0.8,0,0,A2,A5,797,838,quintile_stratified,rul_only
0.9999999999999999,1.0,1,1,A2,A2,798,839,quintile_stratified,rul_only
0.9999999999999999,1.0,1,1,A5,A5,799,840,quintile_stratified,rul_only
0.9999999999999999,1.0,1,1,A5,A5,800,841,quintile_stratified,rul_only
1.0,1.0,1,1,A3,A3,801,842,quintile_stratified,rul_only
0.8999999999999998,0.8,0,0,A2,A1,802,843,quintile_stratified,rul_only
0.9999999999999999,1.0,1,1,A5,A5,803,844,quintile_stratified,rul_only
0.8947368421052632,0.7777777777777778,0,0,A2,A5,804,845,quintile_stratified,rul_only
1.0,1.0,1,1,A2,A2,805,846,quintile_stratified,rul_only
1.0,1.0,1,1,A5,A5,806,847,quintile_stratified,rul_only
0.9999999999999999,1.0,1,1,A3,A3,807,848,quintile_stratified,rul_only
0.9999999999999999,1.0,1,1,A3,A3,808,849,quintile_stratified,rul_only
0.8999999999999998,0.8,0,1,A2,A2,809,850,quintile_stratified,rul_only
0.8999999999999998,0.8,0,0,A3,A4,810,851,quintile_stratified,rul_only
0.8947368421052632,0.7777777777777778,0,0,A3,A5,811,852,quintile_stratified,rul_only
0.8999999999999998,0.8,0,1,A1,A1,812,853,quintile_stratified,rul_only
0.8947368421052632,0.7777777777777778,0,0,A2,A5,813,854,quintile_stratified,rul_only
0.8999999999999998,0.8,0,0,A5,A4,814,855,quintile_stratified,rul_only
0.9999999999999999,1.0,1,1,A3,A3,815,856,quintile_stratified,rul_only
0.8947368421052632,0.7777777777777778,0,0,A2,A4,816,857,quintile_stratified,rul_only
0.9999999999999999,1.0,1,1,A5,A5,817,858,quintile_stratified,rul_only
0.8947368421052632,0.7777777777777778,0,1,A3,A3,818,859,quintile_stratified,rul_only
1.0,1.0,1,1,A2,A2,819,860,quintile_stratified,rul_only
0.9999999999999999,1.0,1,1,A3,A3,820,861,quintile_stratified,rul_only
0.8947368421052632,0.7777777777777778,0,1,A1,A1,821,862,quintile_stratified,rul_only
0.8947368421052632,0.7777777777777778,0,0,A2,A5,822,863,quintile_stratified,rul_only
0.9999999999999999,1.0,1,1,A2,A2,823,864,quintile_stratified,rul_only
0.8999999999999998,0.8,0,0,A3,A4,824,865,quintile_stratified,rul_only
0.9999999999999999,1.0,1,1,A2,A2,825,866,quintile_stratified,rul_only
1.0,1.0,1,1,A1,A1,826,867,quintile_stratified,rul_only
0.8947368421052632,0.7777777777777778,0,1,A2,A2,827,868,quintile_stratified,rul_only
0.7999999999999999,0.6,0,0,A2,A5,828,869,quintile_stratified,rul_only
0.8999999999999998,0.8,0,0,A2,A4,829,870,quintile_stratified,rul_only
1.0,1.0,1,1,A1,A1,830,871,quintile_stratified,rul_only
0.8999999999999998,0.8,0,1,A5,A5,831,872,quintile_stratified,rul_only
0.9999999999999999,1.0,1,1,A3,A3,832,873,quintile_stratified,rul_only
0.8999999999999998,0.8,0,0,A2,A5,833,874,quintile_stratified,rul_only
1.0,1.0,1,1,A2,A2,834,875,quintile_stratified,rul_only
0.8947368421052632,0.7777777777777778,0,0,A1,A4,835,876,quintile_stratified,rul_only
1.0,1.0,1,1,A2,A2,836,877,quintile_stratified,rul_only
0.8999999999999998,0.8,0,1,A2,A2,837,878,quintile_stratified,rul_only
0.8947368421052632,0.7777777777777778,0,0,A3,A5,838,879,quintile_stratified,rul_only
0.8999999999999998,0.8,0,0,A3,A4,839,880,quintile_stratified,rul_only
1.0,1.0,1,1,A5,A5,840,881,quintile_stratified,rul_only
0.7,0.6,0,0,A3,A4,841,882,quintile_stratified,rul_only
0.8947368421052632,0.7777777777777778,0,0,A3,A5,842,883,quintile_stratified,rul_only
0.9999999999999999,1.0,1,1,A3,A3,843,884,quintile_stratified,rul_only
1.0,1.0,1,1,A3,A3,844,885,quintile_stratified,rul_only
0.9999999999999999,1.0,1,1,A3,A3,845,886,quintile_stratified,rul_only
0.9999999999999999,1.0,1,1,A2,A2,846,887,quintile_stratified,rul_only
0.9999999999999999,1.0,1,1,A1,A1,847,888,quintile_stratified,rul_only
1.0,1.0,1,1,A1,A1,848,889,quintile_stratified,rul_only
0.8947368421052632,0.7777777777777778,0,1,A2,A2,849,890,quintile_stratified,rul_only
1.0,1.0,1,1,A1,A1,850,891,quintile_stratified,rul_only
1.0,1.0,1,1,A1,A1,851,892,quintile_stratified,rul_only
1.0,1.0,1,1,A4,A4,852,893,quintile_stratified,rul_only
0.8999999999999998,0.8,0,0,A2,A4,853,894,quintile_stratified,rul_only
0.9999999999999999,1.0,1,1,A2,A2,854,895,quintile_stratified,rul_only
0.8999999999999998,0.8,0,1,A1,A1,855,896,quintile_stratified,rul_only
0.9999999999999999,1.0,1,1,A4,A4,856,897,quintile_stratified,rul_only
0.8999999999999998,0.8,0,0,A3,A5,857,898,quintile_stratified,rul_only
0.9999999999999999,1.0,1,1,A3,A3,858,899,quintile_stratified,rul_only
0.9999999999999999,1.0,1,1,A3,A3,859,900,quintile_stratified,rul_only
1.0,1.0,1,1,A2,A2,860,901,quintile_stratified,rul_only
1.0,1.0,1,1,A2,A2,861,902,quintile_stratified,rul_only
0.9999999999999999,1.0,1,1,A3,A3,862,903,quintile_stratified,rul_only
0.8947368421052632,0.7777777777777778,0,0,A2,A5,863,904,quintile_stratified,rul_only
0.9999999999999999,1.0,1,1,A5,A5,864,905,quintile_stratified,rul_only
0.9999999999999999,1.0,1,1,A2,A2,865,906,quintile_stratified,rul_only
0.9999999999999999,1.0,1,1,A3,A3,866,907,quintile_stratified,rul_only
1.0,1.0,1,1,A3,A3,867,908,quintile_stratified,rul_only
0.9999999999999999,1.0,1,1,A5,A5,868,909,quintile_stratified,rul_only
0.8999999999999998,0.8,0,1,A5,A5,869,910,quintile_stratified,rul_only
1.0,1.0,1,1,A2,A2,870,911,quintile_stratified,rul_only
0.8947368421052632,0.7777777777777778,0,0,A3,A4,871,912,quintile_stratified,rul_only
0.9999999999999999,1.0,1,1,A3,A3,872,913,quintile_stratified,rul_only
0.9999999999999999,1.0,1,1,A2,A2,873,914,quintile_stratified,rul_only
0.8999999999999998,0.8,0,0,A3,A4,874,915,quintile_stratified,rul_only
0.8999999999999998,0.8,0,1,A5,A5,875,916,quintile_stratified,rul_only
0.8999999999999998,0.8,0,1,A5,A5,876,917,quintile_stratified,rul_only
0.9999999999999999,1.0,1,1,A1,A1,877,918,quintile_stratified,rul_only
0.6842105263157895,0.5555555555555556,0,0,A3,A4,878,919,quintile_stratified,rul_only
0.9999999999999999,1.0,1,1,A5,A5,879,920,quintile_stratified,rul_only
0.8999999999999998,0.8,0,1,A3,A3,880,921,quintile_stratified,rul_only
0.8999999999999998,0.8,0,1,A3,A3,881,922,quintile_stratified,rul_only
1.0,1.0,1,1,A5,A5,882,923,quintile_stratified,rul_only
0.8947368421052632,0.7777777777777778,0,1,A1,A1,883,924,quintile_stratified,rul_only
0.8947368421052632,0.7777777777777778,0,0,A1,A5,884,925,quintile_stratified,rul_only
0.8999999999999998,0.8,0,1,A2,A2,885,926,quintile_stratified,rul_only
0.9999999999999999,1.0,1,1,A2,A2,886,927,quintile_stratified,rul_only
0.9999999999999999,1.0,1,1,A2,A2,887,928,quintile_stratified,rul_only
0.8999999999999998,0.8,0,0,A3,A4,888,929,quintile_stratified,rul_only
1.0,1.0,1,1,A2,A2,889,930,quintile_stratified,rul_only
0.8999999999999998,0.8,0,0,A3,A4,890,931,quintile_stratified,rul_only
0.9999999999999999,1.0,1,1,A2,A2,891,932,quintile_stratified,rul_only
0.9999999999999999,1.0,1,1,A3,A3,892,933,quintile_stratified,rul_only
1.0,1.0,1,1,A1,A1,893,934,quintile_stratified,rul_only
0.7,0.6,0,0,A1,A4,894,935,quintile_stratified,rul_only
0.8999999999999998,0.8,0,0,A2,A4,895,936,quintile_stratified,rul_only
1.0,1.0,1,1,A2,A2,896,937,quintile_stratified,rul_only
1.0,1.0,1,1,A3,A3,897,938,quintile_stratified,rul_only
1.0,1.0,1,1,A1,A1,898,939,quintile_stratified,rul_only
0.8999999999999998,0.8,0,0,A2,A5,899,940,quintile_stratified,rul_only
1.0,1.0,1,1,A1,A1,900,941,quintile_stratified,rul_only
0.8947368421052632,0.7777777777777778,0,0,A2,A4,901,942,quintile_stratified,rul_only
0.8999999999999998,0.8,0,0,A1,A4,902,943,quintile_stratified,rul_only
0.8947368421052632,0.7777777777777778,0,0,A1,A4,903,944,quintile_stratified,rul_only
1.0,1.0,1,1,A2,A2,904,945,quintile_stratified,rul_only
1.0,1.0,1,1,A5,A5,905,946,quintile_stratified,rul_only
1.0,1.0,1,1,A3,A3,906,947,quintile_stratified,rul_only
0.9999999999999999,1.0,1,1,A3,A3,907,948,quintile_stratified,rul_only
0.9999999999999999,1.0,1,1,A3,A3,908,949,quintile_stratified,rul_only
0.8999999999999998,0.8,0,0,A3,A4,909,950,quintile_stratified,rul_only
0.8999999999999998,0.8,0,0,A2,A4,910,951,quintile_stratified,rul_only
0.9999999999999999,1.0,1,1,A1,A1,911,952,quintile_stratified,rul_only
0.9999999999999999,1.0,1,1,A3,A3,912,953,quintile_stratified,rul_only
0.8947368421052632,0.7777777777777778,0,0,A5,A4,913,954,quintile_stratified,rul_only
1.0,1.0,1,1,A2,A2,914,955,quintile_stratified,rul_only
0.8947368421052632,0.7777777777777778,0,0,A2,A5,915,956,quintile_stratified,rul_only
1.0,1.0,1,1,A3,A3,916,957,quintile_stratified,rul_only
0.8947368421052632,0.7777777777777778,0,0,A2,A1,917,958,quintile_stratified,rul_only
0.8999999999999998,0.8,0,0,A2,A1,918,959,quintile_stratified,rul_only
1.0,1.0,1,1,A5,A5,919,960,quintile_stratified,rul_only
0.8999999999999998,0.8,0,1,A1,A1,920,961,quintile_stratified,rul_only
0.9999999999999999,1.0,1,1,A3,A3,921,962,quintile_stratified,rul_only
1.0,1.0,1,1,A3,A3,922,963,quintile_stratified,rul_only
0.8999999999999998,0.8,0,1,A5,A5,923,964,quintile_stratified,rul_only
0.9999999999999999,1.0,1,1,A3,A3,924,965,quintile_stratified,rul_only
0.8999999999999998,0.8,0,0,A2,A4,925,966,quintile_stratified,rul_only
0.8947368421052632,0.7777777777777778,0,0,A3,A5,926,967,quintile_stratified,rul_only
0.8947368421052632,0.7777777777777778,0,1,A5,A5,927,968,quintile_stratified,rul_only
0.8999999999999998,0.8,0,0,A2,A5,928,969,quintile_stratified,rul_only
0.9999999999999999,1.0,1,1,A2,A2,929,970,quintile_stratified,rul_only
1.0,1.0,1,1,A3,A3,930,971,quintile_stratified,rul_only
1.0,1.0,1,1,A3,A3,931,972,quintile_stratified,rul_only
0.8999999999999998,0.8,0,0,A3,A4,932,973,quintile_stratified,rul_only
0.8947368421052632,0.7777777777777778,0,1,A5,A5,933,974,quintile_stratified,rul_only
0.8999999999999998,0.8,0,1,A1,A1,934,975,quintile_stratified,rul_only
1.0,1.0,1,1,A2,A2,935,976,quintile_stratified,rul_only
0.8947368421052632,0.7777777777777778,0,0,A3,A1,936,977,quintile_stratified,rul_only
1.0,1.0,1,1,A2,A2,937,978,quintile_stratified,rul_only
0.8999999999999998,0.8,0,1,A1,A1,938,979,quintile_stratified,rul_only
0.8999999999999998,0.8,0,0,A3,A1,939,980,quintile_stratified,rul_only
0.8999999999999998,0.8,0,0,A2,A4,940,981,quintile_stratified,rul_only
0.9999999999999999,1.0,1,1,A3,A3,941,982,quintile_stratified,rul_only
0.8999999999999998,0.8,0,0,A1,A4,942,983,quintile_stratified,rul_only
1.0,1.0,1,1,A4,A4,943,984,quintile_stratified,rul_only
0.8999999999999998,0.8,0,1,A2,A2,944,985,quintile_stratified,rul_only
0.9999999999999999,1.0,1,1,A2,A2,945,986,quintile_stratified,rul_only
0.8947368421052632,0.7777777777777778,0,0,A5,A4,946,987,quintile_stratified,rul_only
0.9999999999999999,1.0,1,1,A1,A1,947,988,quintile_stratified,rul_only
0.8999999999999998,0.8,0,1,A1,A1,948,989,quintile_stratified,rul_only
0.8947368421052632,0.7777777777777778,0,1,A1,A1,949,990,quintile_stratified,rul_only
0.8947368421052632,0.7777777777777778,0,1,A5,A5,950,991,quintile_stratified,rul_only
0.9999999999999999,1.0,1,1,A2,A2,951,992,quintile_stratified,rul_only
0.9999999999999999,1.0,1,1,A3,A3,952,993,quintile_stratified,rul_only
0.8947368421052632,0.7777777777777778,0,1,A3,A3,953,994,quintile_stratified,rul_only
0.9999999999999999,1.0,1,1,A5,A5,954,995,quintile_stratified,rul_only
0.8999999999999998,0.8,0,1,A1,A1,955,996,quintile_stratified,rul_only
0.8947368421052632,0.7777777777777778,0,0,A2,A1,956,997,quintile_stratified,rul_only
0.9999999999999999,1.0,1,1,A4,A4,957,998,quintile_stratified,rul_only
0.9999999999999999,1.0,1,1,A3,A3,958,999,quintile_stratified,rul_only
1.0,1.0,1,1,A1,A1,959,1000,quintile_stratified,rul_only
0.8999999999999998,0.8,0,0,A1,A4,960,1001,quintile_stratified,rul_only
0.9999999999999999,1.0,1,1,A2,A2,961,1002,quintile_stratified,rul_only
0.9999999999999999,1.0,1,1,A3,A3,962,1003,quintile_stratified,rul_only
0.8999999999999998,0.8,0,0,A1,A4,963,1004,quintile_stratified,rul_only
1.0,1.0,1,1,A3,A3,964,1005,quintile_stratified,rul_only
1.0,1.0,1,1,A3,A3,965,1006,quintile_stratified,rul_only
0.8947368421052632,0.7777777777777778,0,0,A3,A5,966,1007,quintile_stratified,rul_only
0.8947368421052632,0.7777777777777778,0,0,A2,A4,967,1008,quintile_stratified,rul_only
0.9999999999999999,1.0,1,1,A3,A3,968,1009,quintile_stratified,rul_only
1.0,1.0,1,1,A2,A2,969,1010,quintile_stratified,rul_only
0.9999999999999999,1.0,1,1,A3,A3,970,1011,quintile_stratified,rul_only
0.8947368421052632,0.7777777777777778,0,0,A2,A5,971,1012,quintile_stratified,rul_only
0.9999999999999999,1.0,1,1,A2,A2,972,1013,quintile_stratified,rul_only
0.8999999999999998,0.8,0,1,A5,A5,973,1014,quintile_stratified,rul_only
0.8947368421052632,0.7777777777777778,0,0,A3,A4,974,1015,quintile_stratified,rul_only
0.9999999999999999,1.0,1,1,A5,A5,975,1016,quintile_stratified,rul_only
1.0,1.0,1,1,A3,A3,976,1017,quintile_stratified,rul_only
0.8947368421052632,0.7777777777777778,0,0,A2,A4,977,1018,quintile_stratified,rul_only
0.9999999999999999,1.0,1,1,A5,A5,978,1019,quintile_stratified,rul_only
0.9999999999999999,1.0,1,1,A3,A3,979,1020,quintile_stratified,rul_only
0.8999999999999998,0.8,0,1,A5,A5,980,1021,quintile_stratified,rul_only
1.0,1.0,1,1,A1,A1,981,1022,quintile_stratified,rul_only
0.8947368421052632,0.7777777777777778,0,0,A3,A5,982,1023,quintile_stratified,rul_only
0.8999999999999998,0.8,0,0,A2,A4,983,1024,quintile_stratified,rul_only
0.8947368421052632,0.7777777777777778,0,1,A2,A2,984,1025,quintile_stratified,rul_only
0.8999999999999998,0.8,0,1,A3,A3,985,1026,quintile_stratified,rul_only
0.9999999999999999,1.0,1,1,A1,A1,986,1027,quintile_stratified,rul_only
0.8999999999999998,0.8,0,0,A1,A4,987,1028,quintile_stratified,rul_only
1.0,1.0,1,1,A4,A4,988,1029,quintile_stratified,rul_only
0.8999999999999998,0.8,0,1,A5,A5,989,1030,quintile_stratified,rul_only
1.0,1.0,1,1,A1,A1,990,1031,quintile_stratified,rul_only
0.8947368421052632,0.7777777777777778,0,1,A3,A3,991,1032,quintile_stratified,rul_only
0.8947368421052632,0.7777777777777778,0,0,A2,A1,992,1033,quintile_stratified,rul_only
0.9999999999999999,1.0,1,1,A2,A2,993,1034,quintile_stratified,rul_only
0.9999999999999999,1.0,1,1,A5,A5,994,1035,quintile_stratified,rul_only
1.0,1.0,1,1,A2,A2,995,1036,quintile_stratified,rul_only
0.9999999999999999,1.0,1,1,A2,A2,996,1037,quintile_stratified,rul_only
0.8999999999999998,0.8,0,0,A3,A5,997,1038,quintile_stratified,rul_only
1.0,1.0,1,1,A5,A5,998,1039,quintile_stratified,rul_only
1.0,1.0,1,1,A1,A1,999,1040,quintile_stratified,rul_only
0.9999999999999999,1.0,1,1,A1,A1,1000,1041,quintile_stratified,rul_only
